review_id,company_id,S_raw,G_ratio_phys,G_final_phys,G_ratio_selfprot,G_final_selfprot,G_ratio_aff,G_final_aff,G_ratio_stat,G_final_stat,G_ratio_fam,G_final_fam
103098362.0,nike,0.9133149,0.0,0.0,0.0,0.0,0.0,0.0,0.0,0.0,0.0,0.0
103097481.0,nike,-0.69512725,0.0,0.0,0.0,0.0,0.0,0.0,0.0,0.0,0.0,0.0
103062465.0,nike,-0.57175475,0.0,0.0,-0.99999950000025,-0.29999985000007495,0.99999950000025,0.8772901267312967,0.0,0.0,0.0,0.0
103045113.0,nike,0.575411,0.0,0.0,0.0,0.0,0.0,0.0,0.0,0.0,0.0,0.0
103033645.0,nike,0.5357306,0.0,0.0,0.0,0.0,0.0,0.0,0.0,0.0,0.0,0.0
103029838.0,nike,-0.39655632,0.0,0.0,0.0,0.0,0.0,0.0,0.99999950000025,0.7800955018220579,0.0,0.0
103014773.0,nike,0.03357534,0.99999950000025,0.499999750000125,0.0,0.0,0.0,0.0,0.0,0.0,0.0,0.0
102989865.0,nike,0.5035934,0.0,0.0,0.0,0.0,-0.99999950000025,-0.29999985000007495,0.99999950000025,0.8447980351393072,0.0,0.0
102953708.0,nike,-0.21318698,-0.99999980000004,-0.36987613436562244,0.0,0.0,0.0,0.0,0.0,0.0,-0.99999960000016,-0.36987606039042514
102947537.0,nike,-0.6820618,0.0,0.0,0.0,0.0,0.0,0.0,0.0,0.0,0.0,0.0
102946341.0,nike,0.87601995,0.0,0.0,0.0,0.0,0.0,0.0,0.0,0.0,0.9999998888889013,0.9602306509135053
102919875.0,nike,0.97558045,0.99999950000025,0.9729409884477559,0.0,0.0,0.0,0.0,0.0,0.0,0.9999998888889013,0.972941366813654
102906865.0,nike,0.6924109,0.99999960000016,0.9205350118402219,0.0,0.0,0.0,0.0,0.0,0.0,0.0,0.0
102905113.0,nike,-0.94359237,0.0,0.0,0.0,0.0,0.0,0.0,0.0,0.0,0.0,0.0
102902101.0,nike,-0.9323585,0.0,0.0,0.0,0.0,0.0,0.0,0.0,0.0,0.0,0.0
102877855.0,nike,0.9833798,0.0,0.0,0.0,0.0,0.0,0.0,0.0,0.0,0.0,0.0
102861796.0,nike,0.880626,0.0,0.0,0.0,0.0,0.99999950000025,0.960927921456732,0.0,0.0,0.0,0.0
102861537.0,nike,0.951879,0.99999960000016,0.9703300814961773,0.0,0.0,0.0,0.0,0.0,0.0,0.0,0.0
102843672.0,nike,0.85662216,0.99999950000025,0.9571591243654342,-0.99999950000025,-0.29999985000007495,0.9999997777778271,0.9571593902429096,0.33333327777778704,0.3190531478061408,0.99999950000025,0.9571591243654342
102842238.0,nike,0.9848771,0.0,0.0,0.0,0.0,0.0,0.0,0.0,0.0,0.0,0.0
102833806.0,nike,-8.491168e-05,0.0,0.0,0.0,0.0,0.0,0.0,0.0,0.0,0.0,0.0
102794262.0,nike,0.8280819,0.0,0.0,0.0,0.0,0.0,0.0,0.0,0.0,0.0,0.0
102759014.0,nike,0.9799708,0.0,0.0,0.0,0.0,0.99999950000025,0.9733994969770954,-0.99999950000025,-0.29999985000007495,0.0,0.0
102744881.0,nike,-0.5549775,0.99999950000025,0.8698808935383034,0.0,0.0,0.0,0.0,0.0,0.0,0.0,0.0
102744877.0,nike,0.37900978,0.99999960000016,0.7678191108665412,0.0,0.0,0.0,0.0,0.99999950000025,0.7678190340846685,0.0,0.0
102620569.0,nike,0.9263826,0.99999950000025,0.9672487679418084,0.0,0.0,0.0,0.0,0.9999997500000625,0.9672490097539399,0.0,0.0
102608885.0,nike,0.98840576,0.0,0.0,0.0,0.0,0.0,0.0,0.0,0.0,0.0,0.0
102607753.0,nike,0.39493653,0.0,0.0,0.0,0.0,-0.99999950000025,-0.29999985000007495,0.0,0.0,0.0,0.0
102582278.0,nike,0.9359462,0.0,0.0,0.0,0.0,0.0,0.0,0.0,0.0,0.0,0.0
102575218.0,nike,-0.75088537,0.0,0.0,0.0,0.0,0.0,0.0,0.0,0.0,0.0,0.0
102563820.0,nike,0.7987494,0.0,0.0,0.0,0.0,0.0,0.0,0.0,0.0,-0.99999960000016,-0.29999988000004796
102557739.0,nike,-0.3767385,0.0,0.0,0.0,0.0,0.99999950000025,0.7661954557740108,0.99999950000025,0.7661954557740108,0.0,0.0
102555850.0,nike,-0.618094,0.0,0.0,0.0,0.0,0.9999997333334044,0.8958903676433523,0.0,0.0,0.0,0.0
102541612.0,nike,-0.56226104,-0.99999950000025,-0.29999985000007495,0.0,0.0,-0.99999950000025,-0.29999985000007495,-0.99999950000025,-0.29999985000007495,-0.9999997500000625,-0.2999999250000187
102541541.0,nike,0.7553217,-0.99999960000016,-0.29999988000004796,0.0,0.0,0.0,0.0,0.0,0.0,0.0,0.0
102537950.0,nike,0.7908943,0.0,0.0,0.0,0.0,0.0,0.0,0.0,0.0,0.9999998888889013,0.9449856300686462
102509526.0,nike,0.96595675,0.0,0.0,0.0,0.0,0.0,0.0,0.0,0.0,0.0,0.0
102463631.0,nike,0.669349,0.0,0.0,0.0,0.0,0.0,0.0,0.0,0.0,-0.3846153550295881,-0.11538460650887643
102460173.0,nike,0.55625284,0.0,0.0,0.0,0.0,0.0,0.0,-0.11111108641975857,-0.03333332592592757,0.9999998888889013,0.8704575640630826
102459994.0,nike,-0.54198873,0.0,0.0,-0.99999950000025,-0.29999985000007495,0.0,0.0,0.0,0.0,0.9999998888889013,0.8638867125357399
102426495.0,nike,0.8053929,0.9999997777778271,0.9479238655512675,0.0,0.0,0.0,0.0,0.99999950000025,0.9479236022392143,0.0,0.0
102420355.0,nike,0.8289652,0.0,0.0,0.0,0.0,0.0,0.0,0.0,0.0,0.0,0.0
102420183.0,nike,0.73601145,0.0,0.0,0.0,0.0,0.0,0.0,0.0,0.0,0.0,0.0
102395204.0,nike,-0.6459504,0.0,0.0,0.0,0.0,0.99999950000025,0.9058339414952111,0.0,0.0,0.0,0.0
102379292.0,nike,-0.017808566,0.0,0.0,0.0,0.0,0.0,0.0,0.0,0.0,0.0,0.0
102300002.0,nike,0.7176785,-0.99999960000016,-0.29999988000004796,0.0,0.0,0.0,0.0,0.9999997500000625,0.9276212318365229,-0.99999960000016,-0.29999988000004796
102293331.0,nike,0.75598633,0.0,0.0,0.0,0.0,0.0,0.0,0.0,0.0,0.0,0.0
102290026.0,nike,0.95474017,0.0,0.0,0.0,0.0,0.0,0.0,0.0,0.0,0.0,0.0
102280660.0,nike,0.56924987,0.0,0.0,0.0,0.0,0.99999950000025,0.876207421507249,0.99999950000025,0.876207421507249,0.0,0.0
102278668.0,nike,0.8184886,0.0,0.0,0.0,0.0,0.0,0.0,0.0,0.0,0.0,0.0
102266685.0,nike,0.96005315,0.0,0.0,0.0,0.0,0.0,0.0,0.7499999062500118,0.7284429883751808,0.99999950000025,0.9712569536122623
102264502.0,nike,0.5280188,0.0,0.0,0.0,0.0,0.0,0.0,0.0,0.0,0.0,0.0
102263229.0,nike,0.9790201,0.0,0.0,0.0,0.0,0.0,0.0,0.0,0.0,0.0,0.0
102254217.0,nike,-0.11024637,0.0,0.0,0.0,0.0,0.0,0.0,0.0,0.0,0.0,0.0
102253167.0,nike,-0.7172661,0.0,0.0,0.0,0.0,0.0,0.0,-0.99999950000025,-0.29999985000007495,0.0,0.0
102220566.0,nike,0.9802413,0.0,0.0,0.0,0.0,0.0,0.0,0.0,0.0,0.0,0.0
102218054.0,nike,0.14745188,0.99999960000016,0.5670454216150604,0.0,0.0,0.0,0.0,0.0,0.0,0.0,0.0
102205064.0,nike,0.9634995,0.0,0.0,0.0,0.0,0.99999960000016,0.9716393986674857,0.99999950000025,0.9716393015035943,0.0,0.0
102152505.0,nike,0.42415476,0.0,0.0,0.0,0.0,0.0,0.0,0.0,0.0,0.0,0.0
102146161.0,nike,0.96862286,0.0,0.0,0.0,0.0,0.0,0.0,0.0,0.0,0.9999998888889013,0.9721989711276283
102145172.0,nike,0.94094723,0.0,0.0,0.0,0.0,0.0,0.0,0.99999950000025,0.9690448881870513,0.0,0.0
102079429.0,nike,0.27174363,0.0,0.0,0.0,0.0,0.0,0.0,0.0,0.0,0.0,0.0
102045778.0,nike,0.075578615,0.0,0.0,0.0,0.0,0.0,0.0,0.99999950000025,0.499999750000125,0.99999950000025,0.499999750000125
102043955.0,nike,0.6397756,0.99999950000025,0.9037059155631356,-0.99999950000025,-0.29999985000007495,0.0,0.0,-0.99999950000025,-0.29999985000007495,0.0,0.0
102043194.0,nike,0.6132327,0.0,0.0,0.0,0.0,0.99999950000025,0.8940624605434726,0.99999950000025,0.8940624605434726,0.0,0.0
101975871.0,nike,-0.6005126,0.9999998823529551,0.8891461973844895,0.0,0.0,0.0,0.0,0.1428571224489825,0.1270208821384346,0.9999999130434859,0.8891462246728614
101935848.0,nike,0.28255138,0.0,0.0,0.0,0.0,0.99999960000016,0.6921530190829319,0.0,0.0,0.0,0.0
101932226.0,nike,-0.8665628,0.0,0.0,0.0,0.0,0.0,0.0,0.0,0.0,-0.99999960000016,-0.29999988000004796
101928182.0,nike,0.97090626,0.99999950000025,0.9724443937120659,0.0,0.0,0.0,0.0,0.0,0.0,0.0,0.0
101926301.0,nike,0.9822573,0.99999950000025,0.9736352860711748,0.0,0.0,0.0,0.0,0.0,0.0,0.0,0.0
101910138.0,nike,0.05468413,0.0,0.0,0.0,0.0,0.0,0.0,0.0,0.0,0.0,0.0
101906852.0,nike,-0.73402095,0.0,0.0,0.0,0.0,0.0,0.0,0.0,0.0,0.0,0.0
101885770.0,nike,-0.33062038,0.0,0.0,0.0,0.0,0.0,0.0,0.0,0.0,0.0,0.0
101878385.0,nike,0.5786483,0.99999950000025,0.8802278008695218,0.0,0.0,0.0,0.0,0.0,0.0,0.0,0.0
101856426.0,nike,0.70134753,0.0,0.0,0.0,0.0,0.0,0.0,0.0,0.0,0.0,0.0
101825597.0,nike,-0.35079533,0.0,0.0,0.0,0.0,0.99999960000016,0.747095246490794,0.0,0.0,0.0,0.0
101814192.0,nike,0.16888289,0.99999950000025,0.5879580295075898,0.0,0.0,0.0,0.0,0.0,0.0,0.99999950000025,0.5879580295075898
101805458.0,nike,0.9665005,0.0,0.0,0.0,0.0,0.0,0.0,0.0,0.0,0.0,0.0
101792855.0,nike,0.95171434,0.99999950000025,0.970311013662277,0.0,0.0,0.99999950000025,0.970311013662277,0.0,0.0,0.99999950000025,0.970311013662277
101773848.0,nike,0.46284667,0.0,0.0,0.0,0.0,0.0,0.0,0.0,0.0,0.0,0.0
101760553.0,nike,0.21605851,0.0,0.0,0.0,0.0,0.0,0.0,0.0,0.0,0.0,0.0
101757612.0,nike,0.97855914,0.0,0.0,0.0,0.0,0.0,0.0,0.0,0.0,0.0,0.0
101741091.0,nike,-0.8688357,0.0,0.0,0.0,0.0,0.0,0.0,0.0,0.0,0.0,0.0
101740193.0,nike,0.77091175,-0.9999997777778271,-0.2999999333333481,0.0,0.0,0.0,0.0,0.0,0.0,0.0,0.0
101738550.0,nike,-0.41861722,0.11111108641975857,0.08831767751579278,0.0,0.0,0.0,0.0,0.0,0.0,0.0,0.0
101732570.0,nike,0.9596731,0.0,0.0,0.0,0.0,0.0,0.0,0.0,0.0,0.9999998888889013,0.9712148635664377
101717848.0,nike,-0.9465025,0.0,0.0,0.0,0.0,0.0,0.0,0.0,0.0,0.0,0.0
101708681.0,nike,-0.064100526,0.0,0.0,0.0,0.0,0.0,0.0,0.0,0.0,0.0,0.0
101707063.0,nike,0.97865635,0.99999950000025,0.9732630191420425,0.0,0.0,0.99999980000004,0.9732633111208899,0.0,0.0,0.0,0.0
101689352.0,nike,-0.30034727,0.0,0.0,0.0,0.0,0.99999950000025,0.7071096351475403,0.0,0.0,0.0,0.0
101609858.0,nike,0.94958216,0.0,0.0,0.0,0.0,0.9999997777778271,0.970064607957091,0.9999997500000625,0.9700645810108587,0.0,0.0
101586553.0,nike,0.9836185,0.0,0.0,0.0,0.0,0.0,0.0,0.0,0.0,0.0,0.0
101584659.0,nike,0.8537693,0.99999950000025,0.9566887490937789,0.0,0.0,0.0,0.0,0.0,0.0,0.0,0.0
101561415.0,nike,0.6635346,0.99999950000025,0.9116647159965974,0.0,0.0,0.0,0.0,0.0,0.0,0.0,0.0
101508055.0,nike,0.9680833,0.99999950000025,0.9721402026505587,0.0,0.0,0.99999960000016,0.9721402998645401,0.0,0.0,0.0,0.0
101488835.0,nike,0.9850002,0.0,0.0,0.0,0.0,0.0,0.0,0.0,0.0,0.9999998888889013,0.9739158362644899
101470171.0,nike,0.12249572,0.99999950000025,0.5423934186617805,0.0,0.0,0.0,0.0,-0.99999950000025,-0.4576060813384696,0.0,0.0
101453049.0,nike,0.8743876,0.0,0.0,0.0,0.0,0.0,0.0,0.0,0.0,-0.99999960000016,-0.29999988000004796
101422386.0,nike,0.6482869,0.0,0.0,0.0,0.0,0.0,0.0,0.0,0.0,0.0,0.0
101402055.0,nike,0.7044854,0.23076919526627765,0.21323013574696964,0.0,0.0,0.0,0.0,0.0,0.0,0.5652173421550137,0.5222593529226852
101396272.0,nike,0.7833528,0.9999996666667778,0.9433959361020784,0.0,0.0,0.0,0.0,0.0,0.0,0.0,0.0
101384041.0,nike,-0.8684608,0.0,0.0,0.0,0.0,-0.99999960000016,-0.29999988000004796,0.0,0.0,0.0,0.0
101355372.0,nike,0.87073,0.99999950000025,0.9594143157871143,0.0,0.0,0.0,0.0,0.0,0.0,0.99999950000025,0.9594143157871143
101328572.0,nike,-0.8801983,0.0,0.0,0.0,0.0,0.0,0.0,0.0,0.0,0.0,0.0
101323900.0,nike,0.5986585,0.9999996666667778,0.8884128861873045,0.0,0.0,0.0,0.0,0.0,0.0,0.0,0.0
101313512.0,nike,-0.3020046,0.0,0.0,0.0,0.0,-0.9999997777778271,-0.2999999333333481,0.0,0.0,0.0,0.0
101299227.0,nike,0.97096384,0.0,0.0,0.0,0.0,0.99999960000016,0.9724506616942907,0.0,0.0,0.0,0.0
101293417.0,nike,0.2536203,0.0,0.0,0.0,0.0,0.99999960000016,0.6669627797881171,0.0,0.0,0.0,0.0
101265627.0,nike,-0.7182073,0.0,0.0,0.0,0.0,0.0,0.0,0.0,0.0,0.0,0.0
101244871.0,nike,0.6869727,0.0,0.0,0.0,0.0,0.99999960000016,0.9189291660811323,0.0,0.0,0.0,0.0
101195230.0,nike,0.97472084,0.0,0.0,0.0,0.0,0.0,0.0,0.0,0.0,0.0,0.0
101161848.0,nike,0.8936404,0.0,0.0,0.0,0.0,0.0,0.0,0.0,0.0,0.0,0.0
101157993.0,nike,-0.7962127,0.0,0.0,-0.99999950000025,-0.29999985000007495,0.0,0.0,0.0,0.0,0.0,0.0
101141547.0,nike,0.96728057,0.0,0.0,0.0,0.0,0.0,0.0,0.0,0.0,0.0,0.0
101131354.0,nike,-0.28682223,0.0,0.0,0.0,0.0,0.0,0.0,0.0,0.0,0.99999960000016,0.6957811026149219
101127749.0,nike,0.96230257,0.0,0.0,0.0,0.0,0.0,0.0,0.0,0.0,0.0,0.0
101100948.0,nike,0.6968344,0.0,0.0,0.0,0.0,0.0,0.0,0.0,0.0,0.0,0.0
101096033.0,nike,-0.0020139113,0.0,0.0,0.0,0.0,0.0,0.0,0.0,0.0,0.0,0.0
101028490.0,nike,0.8870723,0.99999960000016,0.9618846996993888,0.0,0.0,0.0,0.0,0.0,0.0,0.0,0.0
101017483.0,nike,-0.53515834,0.0,0.0,0.0,0.0,-0.99999950000025,-0.29999985000007495,0.0,0.0,0.0,0.0
100988582.0,nike,0.97054744,0.99999950000025,0.9724059081186369,0.0,0.0,0.0,0.0,0.0,0.0,0.99999950000025,0.9724059081186369
100938539.0,nike,0.97575396,0.0,0.0,0.0,0.0,0.0,0.0,0.0,0.0,0.0,0.0
100930528.0,nike,0.9830342,0.99999950000025,0.9737149368575216,0.0,0.0,0.9999997333334044,0.9737151640576129,0.0,0.0,0.9999998888889013,0.9737153155243996
100917303.0,nike,0.9836752,0.0,0.0,0.0,0.0,0.0,0.0,0.0,0.0,0.0,0.0
100888643.0,nike,0.8983191,0.0,0.0,0.0,0.0,0.0,0.0,0.0,0.0,0.0,0.0
100872052.0,nike,-0.8534089,0.0,0.0,0.0,0.0,-0.99999950000025,-0.29999985000007495,0.0,0.0,0.0,0.0
100870117.0,nike,0.863827,0.0,0.0,0.0,0.0,0.0,0.0,0.0,0.0,0.9999998888889013,0.9583257889354068
100856360.0,nike,-0.9013793,0.0,0.0,0.0,0.0,-0.99999960000016,-0.29999988000004796,0.0,0.0,0.0,0.0
100791147.0,nike,0.82322896,0.0,0.0,0.0,0.0,0.0,0.0,-0.99999950000025,-0.29999985000007495,0.0,0.0
100770140.0,nike,0.4824652,0.0,0.0,0.0,0.0,0.0,0.0,0.0,0.0,0.99999960000016,0.8333917302898587
100747747.0,nike,0.95408505,0.0,0.0,0.0,0.0,0.0,0.0,0.0,0.0,0.0,0.0
100726995.0,nike,0.9625779,0.0,0.0,0.0,0.0,0.0,0.0,0.9999997500000625,0.9715377847440457,0.0,0.0
100724045.0,nike,0.9016696,0.0,0.0,0.99999950000025,0.96396848427206,0.9999998260869868,0.9639687986095546,0.99999960000016,0.9639685806688699,0.9999998888889013,0.9639688591486514
100712308.0,nike,0.89583665,0.99999950000025,0.9631492721460433,0.0,0.0,0.0,0.0,0.0,0.0,0.0,0.0
100709281.0,nike,0.8880042,0.0,0.0,0.0,0.0,0.0,0.0,0.0,0.0,0.0,0.0
100707997.0,nike,0.9784767,0.0,0.0,0.0,0.0,0.0,0.0,0.9999996666667778,0.973244476004105,0.0,0.0
100685293.0,nike,0.9630406,0.0,0.0,0.0,0.0,0.0,0.0,0.0,0.0,0.0,0.0
100680969.0,nike,0.916475,0.0,0.0,0.0,0.0,0.99999950000025,0.9659698359594868,0.9999997777778271,0.9659701042843817,0.0,0.0
100679625.0,nike,0.8271488,0.99999960000016,0.9520558468141198,0.0,0.0,0.0,0.0,0.99999950000025,0.9520557516085827,0.0,0.0
100624968.0,nike,0.9466931,0.0,0.0,0.0,0.0,0.0,0.0,0.0,0.0,0.9999998888889013,0.9697273069729861
100622126.0,nike,0.9365502,0.99999950000025,0.968512932206707,0.0,0.0,0.0,0.0,0.0,0.0,0.0,0.0
100621633.0,nike,0.93096834,0.9999997333334044,0.9678251107468654,0.0,0.0,0.0,0.0,0.0,0.0,0.0,0.0
100594842.0,nike,-0.70377547,0.0,0.0,0.0,0.0,0.0,0.0,0.0,0.0,0.0,0.0
100591755.0,nike,0.8725588,0.0,0.0,0.0,0.0,0.0,0.0,0.0,0.0,0.0,0.0
100578423.0,nike,-0.962637,0.0,0.0,0.0,0.0,0.0,0.0,0.99999950000025,0.9715440811093109,0.0,0.0
100572088.0,nike,0.8279444,0.0,0.0,0.0,0.0,0.0,0.0,0.0,0.0,0.9999998888889013,0.9522011747272215
100562030.0,nike,0.96560365,0.0,0.0,0.0,0.0,0.0,0.0,0.0,0.0,0.0,0.0
100561828.0,nike,0.9350525,0.0,0.0,0.0,0.0,0.0,0.0,0.0,0.0,0.0,0.0
100550254.0,nike,0.9408978,0.0,0.0,0.0,0.0,0.0,0.0,0.0,0.0,0.9999999555555575,0.969039400325308
100549554.0,nike,0.9307218,0.0,0.0,0.0,0.0,0.0,0.0,0.0,0.0,0.0,0.0
100431206.0,nike,-0.8152423,0.0,0.0,0.0,0.0,0.0,0.0,0.99999980000004,0.949834736133349,0.0,0.0
100428110.0,nike,-0.31189296,0.0,0.0,0.0,0.0,0.0,0.0,0.9999996666667778,0.716582163210609,0.0,0.0
100423047.0,nike,0.9856631,0.0,0.0,0.0,0.0,0.0,0.0,0.0,0.0,0.0,0.0
100412812.0,nike,0.97101545,0.0,0.0,0.0,0.0,0.99999960000016,0.9724561924979317,0.0,0.0,0.0,0.0
100403312.0,nike,0.839263,0.99999980000004,0.9542200341063127,0.0,0.0,0.0,0.0,0.9999997500000625,0.9542199863953229,0.0,0.0
100391233.0,nike,0.9163749,0.0,0.0,0.0,0.0,0.0,0.0,0.0,0.0,0.0,0.0
100385536.0,nike,0.86036307,0.0,0.0,0.0,0.0,0.99999950000025,0.9577685288716871,0.99999950000025,0.9577685288716871,0.0,0.0
100359844.0,nike,-0.7535661,0.0,0.0,0.0,0.0,0.0,0.0,0.0,0.0,0.0,0.0
100358145.0,nike,0.7493771,0.0,0.0,0.0,0.0,0.0,0.0,0.0,0.0,0.0,0.0
100352029.0,nike,-0.3495225,0.0,0.0,0.0,0.0,0.0,0.0,0.0,0.0,0.0,0.0
100350848.0,nike,0.9620011,0.0,0.0,0.0,0.0,0.99999960000016,0.97147377179495,0.0,0.0,0.0,0.0
100298731.0,nike,0.52530813,0.0,0.0,0.0,0.0,0.0,0.0,0.0,0.0,0.0,0.0
100257154.0,nike,-0.83271587,0.0,0.0,0.0,0.0,0.0,0.0,0.0,0.0,0.99999950000025,0.9530620199550461
100233393.0,nike,-0.27593973,0.0,0.0,-0.99999950000025,-0.3135101595794077,0.0,0.0,0.0,0.0,0.0,0.0
100185014.0,nike,-0.83881176,0.0,0.0,0.0,0.0,0.0,0.0,-0.99999950000025,-0.29999985000007495,0.0,0.0
100181863.0,nike,0.6691583,0.0,0.0,0.0,0.0,0.0,0.0,0.0,0.0,0.9999998888889013,0.9134599196229202
100177681.0,nike,0.90774065,0.0,0.0,0.0,0.0,0.0,0.0,0.0,0.0,0.0,0.0
100166566.0,nike,0.8747646,0.0,0.0,0.0,0.0,0.0,0.0,0.0,0.0,0.0,0.0
100166404.0,nike,0.39077425,0.99999950000025,0.7761022438167997,0.0,0.0,0.0,0.0,0.0,0.0,0.0,0.0
100141465.0,nike,0.7653598,0.99999980000004,0.939427859709699,0.0,0.0,0.0,0.0,0.0,0.0,0.99999980000004,0.939427859709699
100131988.0,nike,0.9549076,0.0,0.0,0.0,0.0,0.0,0.0,0.0,0.0,0.0,0.0
100131542.0,nike,0.055018097,0.0,0.0,0.0,0.0,0.0,0.0,0.0,0.0,0.0,0.0
100106392.0,nike,-0.43387276,0.0,0.0,-0.99999950000025,-0.29999985000007495,0.0,0.0,0.9999997500000625,0.8046303788401424,0.0,0.0
100077919.0,nike,-0.8164632,0.0,0.0,0.0,0.0,0.0,0.0,0.0,0.0,0.0,0.0
100041797.0,nike,0.95445067,0.0,0.0,-0.99999950000025,-0.29999985000007495,0.99999950000025,0.9706246984812587,0.0,0.0,0.0,0.0
99931051.0,nike,0.9188836,0.0,0.0,0.0,0.0,0.99999950000025,0.9662851197853887,0.0,0.0,0.0,0.0
99919068.0,nike,0.7226025,0.99999950000025,0.9289322995135069,0.0,0.0,0.0,0.0,0.0,0.0,0.9999998888889013,0.9289326607649167
99902259.0,nike,0.91686463,0.0,0.0,0.0,0.0,0.0,0.0,0.0,0.0,0.0,0.0
99897886.0,nike,-0.3798196,0.99999950000025,0.7683960070627106,-0.9999997500000625,-0.2999999250000187,0.0,0.0,-0.99999950000025,-0.29999985000007495,0.0,0.0
99897003.0,nike,0.95044136,0.0,0.0,0.0,0.0,0.0,0.0,0.0,0.0,0.9999998888889013,0.9701643562196826
99878746.0,nike,0.05732512,0.99999950000025,0.499999750000125,0.0,0.0,0.0,0.0,0.99999950000025,0.499999750000125,0.99999950000025,0.499999750000125
99876213.0,nike,0.98024327,0.0,0.0,0.0,0.0,0.9999997777778271,0.9734279706973422,0.0,0.0,0.99999960000016,0.9734277976435499
99874634.0,nike,0.9164423,0.99999950000025,0.965965533068216,0.0,0.0,0.99999950000025,0.965965533068216,0.9999997777778271,0.9659658013919156,0.9999999555555575,0.9659659731191615
99807905.0,nike,-0.48147362,0.0,0.0,0.0,0.0,0.0,0.0,0.0,0.0,0.0,0.0
99807378.0,nike,0.743844,-0.99999960000016,-0.29999988000004796,0.0,0.0,0.99999950000025,0.9343410913850859,0.0,0.0,-0.99999960000016,-0.29999988000004796
99803925.0,nike,0.8926569,0.38461532544379606,0.37026750505090983,0.99999950000025,0.9626951798917777,0.99999960000016,0.9626952761612572,0.0,0.0,0.99999980000004,0.9626954687002739
99802300.0,nike,0.66815966,0.0,0.0,0.0,0.0,0.99999950000025,0.9131432769144859,0.9999997500000625,0.9131435052002481,0.99999950000025,0.9131432769144859
99793456.0,nike,0.9753074,0.0,0.0,0.0,0.0,0.0,0.0,0.0,0.0,0.0,0.0
99777694.0,nike,0.8534952,0.0,0.0,0.0,0.0,0.0,0.0,0.0,0.0,0.0,0.0
99774873.0,nike,0.9863425,0.99999950000025,0.9740515080183968,0.0,0.0,0.0,0.0,0.0,0.0,0.0,0.0
99751105.0,nike,0.94552535,0.99999960000016,0.9695896001549622,-0.99999950000025,-0.29999985000007495,0.99999950000025,0.9695895031960506,0.9999998333333611,0.9695898263924979,0.0,0.0
99696006.0,nike,0.86625564,0.99999960000016,0.9587117648663679,0.0,0.0,0.0,0.0,0.0,0.0,0.0,0.0
99687407.0,nike,0.63925344,0.0,0.0,0.0,0.0,0.0,0.0,0.9999998571428775,0.9035243372559009,0.9999998888889013,0.90352436593921
99665236.0,nike,0.94195616,0.99999950000025,0.9691657162081587,0.0,0.0,0.0,0.0,0.99999950000025,0.9691657162081587,0.0,0.0
99661923.0,nike,0.9080352,0.0,0.0,0.0,0.0,0.99999960000016,0.9648425878082801,0.0,0.0,0.0,0.0
99660513.0,nike,-0.5942726,0.0,0.0,0.0,0.0,0.0,0.0,0.0,0.0,0.99999960000016,0.88666175675436
99655130.0,nike,0.9651397,0.99999950000025,0.9718195319619689,0.0,0.0,0.0,0.0,0.99999950000025,0.9718195319619689,0.0,0.0
99653834.0,nike,0.6930617,0.0,0.0,0.0,0.0,0.0,0.0,0.0,0.0,0.0,0.0
99639167.0,nike,0.82771695,0.0,0.0,0.0,0.0,0.0,0.0,0.0,0.0,0.0,0.0
99637380.0,nike,-0.38857,0.0,0.0,0.0,0.0,-0.99999950000025,-0.29999985000007495,-0.99999960000016,-0.29999988000004796,0.0,0.0
99630563.0,nike,0.919943,0.0,0.0,0.0,0.0,0.0,0.0,0.0,0.0,0.0,0.0
99626026.0,nike,0.7156016,0.0,0.0,0.0,0.0,0.0,0.0,0.99999950000025,0.9270612532638619,0.99999980000004,0.9270615313821823
99625694.0,nike,-0.8734321,0.0,0.0,0.0,0.0,0.0,0.0,0.0,0.0,0.0,0.0
99620909.0,nike,0.9146883,0.0,0.0,0.0,0.0,0.0,0.0,0.0,0.0,0.9999999090909174,0.9657345188271129
99606573.0,nike,0.35885495,0.0,0.0,0.0,0.0,0.0,0.0,0.0,0.0,0.0,0.0
99551798.0,nike,0.97057605,0.0,0.0,0.0,0.0,0.99999950000025,0.9724089786525365,0.0,0.0,0.0,0.0
99491440.0,nike,0.97866017,0.9999997500000625,0.9732636595137009,0.0,0.0,0.0,0.0,0.9999997777778271,0.9732636865487965,0.9999999591836751,0.97326386310456
99489806.0,nike,0.97468114,0.0,0.0,0.0,0.0,0.0,0.0,0.0,0.0,0.0,0.0
99462295.0,nike,0.40288565,0.0,0.0,0.0,0.0,0.0,0.0,0.9999997500000625,0.7844079767235116,0.99999950000025,0.7844077806216154
99461638.0,nike,-0.56722856,0.0,0.0,0.0,0.0,0.0,0.0,0.0,0.0,0.0,0.0
99444202.0,nike,0.34879908,0.0,0.0,0.0,0.0,0.0,0.0,0.0,0.0,0.9999998888889013,0.7455837724786477
99439835.0,nike,0.96802413,0.0,0.0,0.0,0.0,0.0,0.0,0.0,0.0,0.0,0.0
99417933.0,nike,0.9191833,0.0,0.0,-0.99999950000025,-0.29999985000007495,0.0,0.0,0.9999996666667778,0.9663243121659656,0.0,0.0
99407714.0,nike,0.08182001,0.0,0.0,0.0,0.0,0.0,0.0,0.0,0.0,0.0,0.0
99384762.0,nike,0.944035,0.0,0.0,0.0,0.0,0.0,0.0,0.0,0.0,0.0,0.0
99316760.0,nike,0.91218877,0.0,0.0,0.0,0.0,0.99999960000016,0.9654018261208234,0.0,0.0,0.0,0.0
99311288.0,nike,-0.028078673,0.99999950000025,0.499999750000125,0.0,0.0,0.99999950000025,0.499999750000125,0.99999950000025,0.499999750000125,0.0,0.0
99233846.0,nike,-0.93281466,0.0,0.0,0.0,0.0,0.0,0.0,-0.99999950000025,-0.29999985000007495,0.0,0.0
99226649.0,nike,0.9823215,0.0,0.0,0.0,0.0,-0.99999950000025,-0.29999985000007495,0.0,0.0,0.0,0.0
99222759.0,nike,0.9582378,0.99999950000025,0.971053549692601,0.0,0.0,0.0,0.0,0.0,0.0,0.99999960000016,0.9710536467979172
99221480.0,nike,0.106699035,0.0,0.0,0.0,0.0,0.99999950000025,0.5266734240129795,0.99999950000025,0.5266734240129795,0.0,0.0
99196432.0,nike,0.94015014,0.0,0.0,0.0,0.0,0.0,0.0,0.0,0.0,0.0,0.0
99180369.0,nike,0.052986912,0.0,0.0,0.0,0.0,0.0,0.0,0.0,0.0,0.0,0.0
99177264.0,nike,0.9726833,0.0,0.0,0.0,0.0,0.0,0.0,0.0,0.0,0.0,0.0
99170353.0,nike,-0.79565495,0.99999950000025,0.9459668897370372,0.0,0.0,0.0,0.0,0.99999950000025,0.9459668897370372,0.0,0.0
99112938.0,nike,0.18101409,0.0,0.0,0.0,0.0,0.0,0.0,0.0,0.0,0.9999998888889013,0.5996617869900592
99036296.0,nike,0.9796685,-0.99999960000016,-0.29999988000004796,0.0,0.0,0.0,0.0,0.0,0.0,-0.99999960000016,-0.29999988000004796
99005561.0,nike,0.95736283,0.99999950000025,0.9709550094741373,0.0,0.0,0.0,0.0,0.0,0.0,0.0,0.0
99004220.0,nike,0.98078966,0.0,0.0,0.0,0.0,0.0,0.0,0.9999998461538698,0.9734845105417337,0.99999960000016,0.9734842709148731
98993352.0,nike,-0.6731748,0.0,0.0,0.0,0.0,0.0,0.0,0.0,0.0,0.0,0.0
98893957.0,nike,0.029433107,0.0,0.0,-0.99999950000025,-0.499999750000125,0.99999950000025,0.499999750000125,0.0,0.0,0.99999950000025,0.499999750000125
98873788.0,nike,0.8109454,0.0,0.0,0.0,0.0,0.0,0.0,0.0,0.0,0.0,0.0
98852618.0,nike,-0.090046376,0.0,0.0,0.0,0.0,0.9999996666667778,0.5100448542233614,0.11111108641975857,0.056671656766111037,0.0,0.0
98845910.0,nike,-0.57614064,0.0,0.0,-0.9999997500000625,-0.2999999250000187,0.0,0.0,-0.99999950000025,-0.29999985000007495,0.0,0.0
98845297.0,nike,0.93512464,-0.99999950000025,-0.29999985000007495,0.0,0.0,0.0,0.0,0.99999950000025,0.9683385756074264,0.9999998888889013,0.9683389521834975
98806226.0,nike,0.5778935,0.0,0.0,0.0,0.0,0.0,0.0,0.0,0.0,0.0,0.0
98797344.0,nike,0.9471904,0.0,0.0,0.0,0.0,0.99999950000025,0.9697852683990319,0.0,0.0,0.0,0.0
98795545.0,nike,0.96689045,0.0,0.0,0.0,0.0,0.0,0.0,0.0,0.0,0.0,0.0
98770960.0,nike,0.9728718,0.0,0.0,0.0,0.0,0.0,0.0,0.0,0.0,0.0,0.0
98765940.0,nike,-0.6891703,0.0,0.0,0.0,0.0,0.9999997333334044,0.9195817560055494,0.0,0.0,0.0,0.0
98742753.0,nike,0.8157486,0.0,0.0,0.0,0.0,0.0,0.0,0.0,0.0,0.0,0.0
98727973.0,nike,0.63545984,0.0,0.0,0.0,0.0,0.0,0.0,0.0,0.0,0.0,0.0
98718247.0,nike,0.9069087,0.99999950000025,0.9646893189795313,0.0,0.0,0.0,0.0,0.9999997500000625,0.9646895601518007,0.0,0.0
98716426.0,nike,0.97840637,-0.99999960000016,-0.29999988000004796,0.0,0.0,0.0,0.0,0.0,0.0,-0.99999960000016,-0.29999988000004796
98686310.0,nike,-0.31949845,0.0,0.0,0.0,0.0,0.0,0.0,0.0,0.0,0.0,0.0
98678691.0,nike,-0.9458909,0.0,0.0,0.0,0.0,0.0,0.0,0.0,0.0,0.0,0.0
98663251.0,nike,-0.86586636,0.0,0.0,0.0,0.0,0.0,0.0,0.0,0.0,0.0,0.0
98645752.0,nike,-0.19242774,0.0,0.0,0.0,0.0,0.0,0.0,0.0,0.0,0.0,0.0
98639017.0,nike,0.4292895,0.0,0.0,0.0,0.0,0.0,0.0,-0.0588235224913503,-0.017647056747405087,0.0,0.0
98637672.0,nike,0.8980685,0.0,0.0,0.0,0.0,0.0,0.0,0.0,0.0,0.0,0.0
98628238.0,nike,0.7960038,-0.99999980000004,-0.29999994000001196,0.0,0.0,0.0,0.0,-0.1428571265306141,-0.04285713795918423,-0.99999950000025,-0.29999985000007495
98623858.0,nike,0.97903705,0.99999960000016,0.9733027131489345,0.0,0.0,0.0,0.0,0.0,0.0,0.0,0.0
98615275.0,nike,-0.22275046,0.0,0.0,0.0,0.0,0.0,0.0,0.0,0.0,0.0,0.0
98587762.0,nike,0.9639551,0.0,0.0,0.0,0.0,0.0,0.0,0.0,0.0,0.0,0.0
98586706.0,nike,-0.7060445,-0.11111108641975857,-0.03333332592592757,0.0,0.0,0.0,0.0,0.0,0.0,0.0,0.0
98585851.0,nike,-0.7156886,0.0,0.0,0.0,0.0,0.0,0.0,0.0,0.0,0.0,0.0
98583245.0,nike,0.9505433,0.99999980000004,0.970176068626413,0.0,0.0,0.0,0.0,-0.99999950000025,-0.29999985000007495,0.0,0.0
98559798.0,nike,0.9371719,0.0,0.0,0.0,0.0,0.0,0.0,0.0,0.0,0.0,0.0
98550972.0,nike,0.82308525,0.0,0.0,0.0,0.0,0.0,0.0,0.0,0.0,0.0,0.0
98534212.0,nike,0.8823698,0.99999960000016,0.9611890600839211,0.0,0.0,0.99999990000001,0.9611893484406104,0.9999998461538698,0.9611892966842689,0.9999999375000038,0.9611893844852086
98504963.0,nike,0.5275211,0.0,0.0,0.0,0.0,0.0,0.0,0.0,0.0,0.0,0.0
98460907.0,nike,0.49575096,-0.99999960000016,-0.29999988000004796,0.0,0.0,0.0,0.0,0.0,0.0,-0.99999960000016,-0.29999988000004796
98434743.0,nike,0.94700044,-0.99999960000016,-0.29999988000004796,0.0,0.0,0.0,0.0,0.0,0.0,0.0,0.0
98385423.0,nike,0.03307385,0.0,0.0,0.0,0.0,0.0,0.0,0.0,0.0,0.0,0.0
98382175.0,nike,0.92576677,0.99999960000016,0.9671707407713901,0.0,0.0,0.0,0.0,0.0,0.0,0.99999950000025,0.9671706440543643
98368532.0,nike,0.88962424,0.99999950000025,0.9622570786563293,0.0,0.0,0.0,0.0,0.0,0.0,0.0,0.0
98330208.0,nike,-0.84985983,0.0,0.0,-0.99999950000025,-0.29999985000007495,-0.99999950000025,-0.29999985000007495,0.99999950000025,0.9560361475203841,0.0,0.0
98315796.0,nike,0.8422989,0.0,0.0,0.0,0.0,0.9999997333334044,0.9547475352737754,0.0,0.0,0.0,0.0
98296106.0,nike,0.92205167,0.0,0.0,0.0,0.0,0.0,0.0,0.99999950000025,0.9666955202222448,0.0,0.0
98285374.0,nike,0.40139085,0.0,0.0,0.0,0.0,0.0,0.0,0.9999997777778271,0.7833951282483351,0.9999998888889013,0.7833952152922287
98280208.0,nike,-0.76524144,-0.99999950000025,-0.29999985000007495,0.0,0.0,0.0,0.0,0.0,0.0,0.0,0.0
98258655.0,nike,0.98192686,0.0,0.0,0.0,0.0,0.0,0.0,0.99999950000025,0.9736013355396947,0.9999998888889013,0.9736017141623944
98248706.0,nike,0.88370764,0.0,0.0,0.0,0.0,0.0,0.0,0.0,0.0,0.0,0.0
98195478.0,nike,0.80437714,0.0,0.0,0.0,0.0,0.0,0.0,0.0,0.0,0.0,0.0
98191828.0,nike,-0.07195864,0.0,0.0,-0.99999950000025,-0.499999750000125,0.0,0.0,0.0,0.0,0.0,0.0
98185479.0,nike,0.9788969,0.0,0.0,0.0,0.0,0.0,0.0,0.0,0.0,0.0,0.0
98184805.0,nike,0.67591697,0.0,0.0,0.0,0.0,0.0,0.0,0.0,0.0,0.0,0.0
98181456.0,nike,0.97708166,0.99999950000025,0.9730986250255517,0.0,0.0,0.0,0.0,0.99999950000025,0.9730986250255517,0.9999998888889013,0.9730990034527528
98161150.0,nike,-0.3568616,0.0,0.0,0.0,0.0,0.0,0.0,0.0,0.0,0.0,0.0
98137515.0,nike,0.7813433,-0.11111108641975857,-0.03333332592592757,0.0,0.0,0.0,0.0,0.0,0.0,0.0,0.0
98116112.0,nike,0.7998268,0.99999950000025,0.9468135136480706,0.0,0.0,0.0,0.0,0.0,0.0,0.0,0.0
98107933.0,nike,0.2549092,0.0,0.0,0.0,0.0,0.0,0.0,0.0,0.0,0.0,0.0
98103979.0,nike,0.98099446,0.0,0.0,0.0,0.0,0.99999960000016,0.9735054082843179,0.0,0.0,0.0,0.0
98103766.0,nike,0.7188829,0.0,0.0,0.0,0.0,0.99999960000016,0.9279438883727595,0.0,0.0,0.0,0.0
98101841.0,nike,0.9491905,0.0,0.0,0.0,0.0,0.0,0.0,0.0,0.0,0.0,0.0
98097258.0,nike,0.9832564,0.0,0.0,0.0,0.0,0.0,0.0,0.0,0.0,0.0,0.0
98085459.0,nike,0.9820807,0.99999960000016,0.9736172438032841,0.0,0.0,0.9999997777778271,0.9736174168907555,0.0,0.0,0.0,0.0
98084227.0,nike,0.90988255,0.0,0.0,0.0,0.0,0.0,0.0,0.0,0.0,0.9999998888889013,0.9650926601238683
98081898.0,nike,0.88514113,0.0,0.0,0.0,0.0,0.0,0.0,0.0,0.0,0.0,0.0
98037239.0,nike,0.42188776,0.99999950000025,0.7969837976004288,0.0,0.0,0.0,0.0,0.0,0.0,0.0,0.0
97956527.0,nike,0.88518924,0.0,0.0,0.0,0.0,0.0,0.0,0.0,0.0,0.99999950000025,0.9616074882656973
97942374.0,nike,-0.2619033,0.0,0.0,0.0,0.0,0.0,0.0,0.0,0.0,0.0,0.0
97923174.0,nike,0.89534456,0.0,0.0,0.0,0.0,0.0,0.0,0.0,0.0,0.0,0.0
97908358.0,nike,0.95113134,0.0,0.0,0.0,0.0,0.0,0.0,0.0,0.0,0.0,0.0
97901316.0,nike,0.837136,0.0,0.0,0.0,0.0,0.99999950000025,0.9538466360126902,0.0,0.0,0.0,0.0
97882950.0,nike,0.8730961,0.0,0.0,0.0,0.0,0.99999950000025,0.9597812466242018,0.0,0.0,0.0,0.0
97880941.0,nike,0.70898837,0.0,0.0,0.0,0.0,0.0,0.0,0.0,0.0,0.0,0.0
97857293.0,nike,-0.86846846,0.99999950000025,0.959060611828452,0.0,0.0,0.0,0.0,0.199999960000008,0.1918121799093156,0.0,0.0
97843200.0,nike,0.97381675,0.99999950000025,0.9727546401954117,0.0,0.0,0.0,0.0,0.99999950000025,0.9727546401954117,0.0,0.0
97838631.0,nike,0.9830809,0.99999950000025,0.9737197204097015,0.0,0.0,0.0,0.0,0.0,0.0,0.0,0.0
97833505.0,nike,-0.9125866,0.0,0.0,0.0,0.0,0.0,0.0,0.0,0.0,0.0,0.0
97831375.0,nike,-0.23549403,0.0,0.0,0.0,0.0,0.0,0.0,0.0,0.0,0.0,0.0
97818594.0,nike,0.9682453,0.0,0.0,0.0,0.0,0.0,0.0,0.0,0.0,-0.99999960000016,-0.29999988000004796
97818523.0,nike,0.0534103,0.0,0.0,0.0,0.0,0.0,0.0,0.0,0.0,0.9999998888889013,0.4999999444444507
97815046.0,nike,0.23581263,0.9999997777778271,0.6509573263305757,-0.99999950000025,-0.34904235449106336,0.0,0.0,0.99999950000025,0.6509571455091866,0.9999998888889013,0.6509573986591596
97805843.0,nike,0.39056104,-0.9999997500000625,-0.2999999250000187,0.0,0.0,0.0,0.0,0.0,0.0,0.0,0.0
97802995.0,nike,0.91727114,0.0,0.0,0.0,0.0,0.0,0.0,0.0,0.0,0.0,0.0
97799653.0,nike,-0.2589424,0.99999950000025,0.6716744349644195,0.0,0.0,0.0,0.0,0.0,0.0,0.0,0.0
97790744.0,nike,0.9759004,0.0,0.0,0.0,0.0,0.0,0.0,0.0,0.0,0.0,0.0
97775331.0,nike,0.949277,0.0,0.0,0.0,0.0,0.0,0.0,0.0,0.0,0.0,0.0
97768510.0,nike,0.9780505,0.0,0.0,0.0,0.0,0.0,0.0,0.0,0.0,0.0,0.0
97763278.0,nike,0.9576291,0.0,0.0,-0.99999950000025,-0.29999985000007495,0.0,0.0,0.0,0.0,0.9999998888889013,0.9709854064316351
97760761.0,nike,0.9338489,0.0,0.0,0.0,0.0,0.0,0.0,0.0,0.0,0.99999950000025,0.9681817546883553
97746309.0,nike,0.9865443,0.0,0.0,0.0,0.0,0.99999950000025,0.9740719041004389,0.0,0.0,0.0,0.0
97742595.0,nike,-0.51861554,0.0,0.0,0.0,0.0,0.0,0.0,0.0,0.0,0.0,0.0
97736507.0,nike,-0.9634384,0.0,0.0,0.0,0.0,0.0,0.0,-0.99999950000025,-0.29999985000007495,0.0,0.0
97718059.0,nike,0.8320906,0.99999960000016,0.952950107289079,0.0,0.0,0.0,0.0,0.0,0.0,0.0,0.0
97676837.0,nike,0.98441565,-0.99999960000016,-0.29999988000004796,0.0,0.0,0.9999997777778271,0.9738562640577678,0.9999998750000157,0.9738563587382262,-0.99999960000016,-0.29999988000004796
97674524.0,nike,0.9581166,0.0,0.0,0.0,0.0,0.0,0.0,0.99999950000025,0.9710399157499093,0.0,0.0
97646356.0,nike,0.8950565,0.99999960000016,0.9630384488331907,0.0,0.0,0.0,0.0,0.0,0.0,0.0,0.0
97513757.0,nike,-0.8480164,0.0,0.0,0.0,0.0,0.0,0.0,0.0,0.0,0.0,0.0
97476506.0,nike,0.98159474,0.0,0.0,0.0,0.0,0.0,0.0,0.0,0.0,0.0,0.0
97447718.0,nike,0.3912264,0.99999950000025,0.7764163698449131,0.0,0.0,0.0,0.0,0.99999950000025,0.7764163698449131,0.0,0.0
97414619.0,nike,0.35983324,0.0,0.0,0.99999950000025,0.7538645898624649,0.0,0.0,0.99999950000025,0.7538645898624649,0.0,0.0
97394116.0,nike,0.97957927,0.0,0.0,0.0,0.0,0.0,0.0,0.99999950000025,0.9733589148874836,0.0,0.0
97392619.0,nike,0.39630315,0.0,0.0,0.0,0.0,0.0,0.0,0.9999997500000625,0.7799219256159037,0.0,0.0
97382560.0,nike,0.9486575,0.99999950000025,0.9699567481089818,0.0,0.0,0.99999950000025,0.9699567481089818,0.0,0.0,0.0,0.0
97382188.0,nike,-0.57260066,0.0,0.0,-0.99999980000004,-0.29999994000001196,-0.9999998400000256,-0.2999999520000077,0.99999980000004,0.8776541797352325,0.0,0.0
97353166.0,nike,0.8997667,0.0,0.0,0.0,0.0,0.0,0.0,0.99999950000025,0.9637031712695555,0.9999999555555575,0.9637036102898696
97350751.0,nike,0.9669227,0.99999950000025,0.9720141934860875,0.0,0.0,0.0,0.0,0.0,0.0,0.0,0.0
97350619.0,nike,0.9858205,0.0,0.0,0.0,0.0,0.0,0.0,0.0,0.0,0.0,0.0
97345727.0,nike,0.62342304,-0.99999950000025,-0.29999985000007495,0.0,0.0,0.0,0.0,0.0,0.0,0.0,0.0
97331511.0,nike,-0.8889856,0.0,0.0,-0.9999996666667778,-0.2999999000000333,0.0,0.0,0.0,0.0,0.0,0.0
97318006.0,nike,0.4798888,0.0,0.0,0.0,0.0,0.0,0.0,0.0,0.0,0.0,0.0
97212877.0,nike,0.5695795,0.0,0.0,0.0,0.0,0.99999960000016,0.8763504478333377,0.0,0.0,0.0,0.0
97198017.0,nike,-0.19381002,0.0,0.0,0.0,0.0,0.0,0.0,0.0,0.0,0.0,0.0
97160525.0,nike,0.6774035,0.0,0.0,0.0,0.0,0.0,0.0,0.0,0.0,0.0,0.0
97158438.0,nike,0.9347733,0.0,0.0,0.0,0.0,0.99999950000025,0.9682954647051932,0.0,0.0,0.0,0.0
97154915.0,nike,-0.42861798,0.0,0.0,0.0,0.0,0.0,0.0,0.0,0.0,0.0,0.0
97142597.0,nike,0.91142374,0.0,0.0,0.0,0.0,0.0,0.0,0.0,0.0,0.0,0.0
97094272.0,nike,0.9855339,0.0,0.0,0.0,0.0,0.0,0.0,0.0,0.0,0.0,0.0
97079048.0,nike,-0.9637769,0.0,0.0,0.0,0.0,0.0,0.0,0.0,0.0,0.0,0.0
97065689.0,nike,0.96147674,0.0,0.0,0.0,0.0,0.0,0.0,0.0,0.0,0.0,0.0
97012346.0,nike,0.752942,0.0,0.0,0.0,0.0,0.0,0.0,0.0,0.0,0.0,0.0
96983867.0,nike,-0.44543687,0.0,0.0,0.0,0.0,-0.99999960000016,-0.29999988000004796,0.0,0.0,0.0,0.0
96886375.0,nike,-0.7118001,0.99999960000016,0.9260264352894193,0.0,0.0,0.0,0.0,0.0,0.0,0.0,0.0
96879066.0,nike,0.8878524,0.0,0.0,0.0,0.0,0.0,0.0,0.0,0.0,0.0,0.0
96867517.0,nike,0.8037319,0.0,0.0,0.0,0.0,0.99999960000016,0.9475947443231166,0.99999950000025,0.9475946495636896,0.0,0.0
96837967.0,nike,-0.7985664,0.9999997500000625,0.9465592966265046,0.0,0.0,0.0,0.0,0.99999950000025,0.9465590599867988,0.0,0.0
96832821.0,nike,-0.8977093,0.0,0.0,0.0,0.0,0.0,0.0,0.0,0.0,0.0,0.0
96832066.0,nike,0.97170216,0.0,0.0,0.0,0.0,0.0,0.0,0.0,0.0,0.0,0.0
96807424.0,nike,0.9690965,0.0,0.0,0.0,0.0,0.0,0.0,0.0,0.0,0.99999960000016,0.9722498483702748
96804802.0,nike,0.33296803,0.0,0.0,0.0,0.0,0.0,0.0,0.0,0.0,0.0,0.0
96788987.0,nike,0.9279057,0.99999950000025,0.9674412124610178,0.0,0.0,0.0,0.0,0.9999997777778271,0.9674414811946281,0.9999998888889013,0.9674415886881143
96768478.0,nike,0.07235443,0.0,0.0,0.0,0.0,0.0,0.0,0.0,0.0,0.0,0.0
96765590.0,nike,0.291333,0.0,0.0,0.0,0.0,0.99999960000016,0.6995867187752006,0.0,0.0,0.0,0.0
96750251.0,nike,-0.18973736,0.0,0.0,0.0,0.0,0.0,0.0,0.0,0.0,0.0,0.0
96707300.0,nike,-0.8801188,0.9999997777778271,0.9608519404690617,0.99999950000025,0.9608516735658784,0.9999998461538698,0.9608520061683297,0.0,0.0,0.99999960000016,0.9608517696510073
96656880.0,nike,0.79925144,0.0,0.0,0.0,0.0,0.0,0.0,0.9999997500000625,0.9466977361845507,0.0,0.0
96656872.0,nike,0.9773771,0.0,0.0,0.0,0.0,0.0,0.0,0.0,0.0,0.0,0.0
96654871.0,nike,0.80643874,0.0,0.0,0.0,0.0,0.0,0.0,0.99999950000025,0.9481297197502728,0.99999950000025,0.9481297197502728
96640235.0,nike,-0.31495893,0.0,0.0,0.0,0.0,0.0,0.0,0.0,0.0,0.0,0.0
96628273.0,nike,0.56316584,0.0,0.0,0.0,0.0,0.0,0.0,0.0,0.0,0.0,0.0
96619841.0,nike,-0.8176211,0.0,0.0,0.0,0.0,0.0,0.0,0.0,0.0,0.0,0.0
96618164.0,nike,0.9462087,0.0,0.0,0.0,0.0,0.99999960000016,0.9696700937487115,0.0,0.0,0.0,0.0
96610841.0,nike,0.76952595,0.0,0.0,0.0,0.0,0.0,0.0,0.0,0.0,0.0,0.0
96603001.0,nike,-0.8033147,0.0,0.0,0.0,0.0,0.0,0.0,0.9999997777778271,0.9475119741272305,0.0,0.0
96598935.0,nike,0.93306535,0.0,0.0,0.0,0.0,0.0,0.0,0.0,0.0,0.0,0.0
96538444.0,nike,-0.8990277,0.9999997500000625,0.9635998757128632,0.0,0.0,0.0,0.0,0.0,0.0,0.9999997500000625,0.9635998757128632
96526638.0,nike,0.7681408,0.0,0.0,0.0,0.0,0.0,0.0,0.0,0.0,0.0,0.0
96484803.0,nike,0.7070908,0.0,0.0,0.0,0.0,0.0,0.0,0.0,0.0,0.0,0.0
96454050.0,nike,0.9823435,0.99999960000016,0.9736442315111387,0.0,0.0,0.0,0.0,0.0,0.0,0.0,0.0
96432373.0,nike,0.8571709,0.0,0.0,0.0,0.0,0.0,0.0,0.0,0.0,0.0,0.0
96426045.0,nike,0.80104727,-0.99999950000025,-0.29999985000007495,0.0,0.0,0.0,0.0,0.0,0.0,0.0,0.0
96423948.0,nike,-0.8829292,0.0,0.0,0.0,0.0,0.0,0.0,0.0,0.0,0.0,0.0
96415345.0,nike,0.9572973,0.0,0.0,0.0,0.0,0.0,0.0,0.99999950000025,0.9709476193034767,0.9999999090909174,0.970948016509285
96407478.0,nike,0.63547343,0.9999997777778271,0.9021982176813272,0.0,0.0,0.0,0.0,0.0,0.0,0.99999960000016,0.9021980572905971
96403905.0,nike,0.90542465,0.0,0.0,0.0,0.0,0.0,0.0,0.0,0.0,0.99999960000016,0.9644866515671151
96401796.0,nike,0.9818178,0.0,0.0,0.0,0.0,0.0,0.0,0.0,0.0,0.99999950000025,0.9735901195904226
96401100.0,nike,0.42965475,0.0,0.0,0.0,0.0,0.0,0.0,0.0,0.0,0.0,0.0
96361759.0,nike,-0.2572013,0.0,0.0,-0.99999950000025,-0.32986272375902803,0.0,0.0,0.0,0.0,0.9999998888889013,0.6701370368499394
96340264.0,nike,0.7120005,0.0,0.0,0.0,0.0,0.0,0.0,0.0,0.0,0.0,0.0
96336506.0,nike,0.7465722,0.99999980000004,0.9350076845304915,0.0,0.0,0.0,0.0,0.0,0.0,0.0,0.0
96305779.0,nike,0.9865075,0.0,0.0,0.0,0.0,0.0,0.0,0.0,0.0,0.0,0.0
96269461.0,nike,0.6119261,0.0,0.0,0.0,0.0,0.0,0.0,0.0,0.0,0.0,0.0
96265787.0,nike,0.9606237,0.99999950000025,0.9713205943746467,0.0,0.0,0.0,0.0,0.0,0.0,0.0,0.0
96263360.0,nike,-0.52701366,0.0,0.0,0.0,0.0,0.0,0.0,0.0,0.0,0.0,0.0
96249116.0,nike,0.9776323,0.0,0.0,0.0,0.0,0.0,0.0,0.0,0.0,0.0,0.0
96234480.0,nike,-0.96463346,0.0,0.0,0.0,0.0,0.0,0.0,0.0,0.0,0.0,0.0
96220593.0,nike,0.94851404,-0.9999997333334044,-0.2999999200000213,0.99999950000025,0.9699400208179084,0.0,0.0,0.0,0.0,0.0,0.0
96186621.0,nike,0.3158834,0.9999997777778271,0.7198127137007181,0.0,0.0,0.0,0.0,0.0,0.0,0.99999960000016,0.7198125857340647
96177289.0,nike,-0.11771903,0.0,0.0,0.0,0.0,0.0,0.0,0.0,0.0,0.0,0.0
96131345.0,nike,-0.70518416,0.0,0.0,0.0,0.0,0.0,0.0,0.0,0.0,0.0,0.0
96118601.0,nike,0.58506274,0.0,0.0,0.0,0.0,0.0,0.0,0.0,0.0,0.0,0.0
96112591.0,nike,0.021929674,0.99999960000016,0.49999980000008,0.0,0.0,0.0,0.0,0.0,0.0,0.99999960000016,0.49999980000008
96110118.0,nike,0.9702432,0.99999950000025,0.9723732375658366,0.0,0.0,0.0,0.0,0.0,0.0,0.0,0.0
96108611.0,nike,0.764392,0.99999960000016,0.9392070138240695,0.0,0.0,0.99999960000016,0.9392070138240695,0.0,0.0,0.99999960000016,0.9392070138240695
96034038.0,nike,-0.96443975,0.0,0.0,0.0,0.0,0.0,0.0,0.0,0.0,0.0,0.0
96007160.0,nike,0.9849514,0.0,0.0,0.0,0.0,0.0,0.0,0.0,0.0,0.0,0.0
95980139.0,nike,0.8805237,0.99999950000025,0.9609125489629569,0.0,0.0,0.0,0.0,0.0,0.0,0.0,0.0
95978456.0,nike,0.9124817,0.0,0.0,0.0,0.0,0.99999960000016,0.9654409447138745,0.0,0.0,0.0,0.0
95943521.0,nike,0.32876873,0.0,0.0,0.9999997333334044,0.7300889533332466,0.0,0.0,-0.99999950000025,-0.29999985000007495,0.0,0.0
95940567.0,nike,0.48917523,0.0,0.0,0.0,0.0,0.0,0.0,0.0,0.0,0.0,0.0
95928723.0,nike,0.731601,0.99999950000025,0.9312721290326782,0.0,0.0,-0.99999950000025,-0.29999985000007495,0.0,0.0,0.0,0.0
95919760.0,nike,0.72763515,0.0,0.0,0.0,0.0,0.0,0.0,0.0,0.0,0.0,0.0
95827167.0,nike,0.572651,-0.99999960000016,-0.29999988000004796,0.0,0.0,0.0,0.0,0.0,0.0,0.0,0.0
95821250.0,nike,-0.24039811,0.0,0.0,0.0,0.0,0.0,0.0,0.0,0.0,0.0,0.0
95810027.0,nike,0.7971757,0.0,0.0,0.0,0.0,0.0,0.0,0.0,0.0,0.0,0.0
95741948.0,nike,-0.8781991,0.0,0.0,0.0,0.0,0.0,0.0,0.0,0.0,0.0,0.0
95700768.0,nike,0.4407708,0.0,0.0,0.0,0.0,0.0,0.0,0.0,0.0,0.0,0.0
95667379.0,nike,0.9254906,0.9999997500000625,0.9671357956585486,0.99999960000016,0.9671356505882373,0.99999950000025,0.9671355538747206,0.99999950000025,0.9671355538747206,0.9999998888889013,0.9671359299829498
95665707.0,nike,0.959239,0.0,0.0,-0.99999950000025,-0.29999985000007495,0.99999960000016,0.97116599962203,0.0,0.0,0.0,0.0
95651825.0,nike,0.7639828,0.0,0.0,0.0,0.0,0.0,0.0,0.0,0.0,0.0,0.0
95644967.0,nike,0.95164794,0.0,0.0,0.0,0.0,0.0,0.0,0.0,0.0,0.0,0.0
95638816.0,nike,0.7861455,0.99999980000004,0.9439896370655186,-0.99999950000025,-0.29999985000007495,0.0,0.0,0.0,0.0,0.99999950000025,0.943989353868769
95609291.0,nike,0.7314941,0.0,0.0,0.0,0.0,0.0,0.0,0.0,0.0,0.0,0.0
95595662.0,nike,0.97484237,-0.99999950000025,-0.29999985000007495,0.0,0.0,-0.99999960000016,-0.29999988000004796,-0.9999997500000625,-0.2999999250000187,-0.9999998888889013,-0.2999999666666704
95570050.0,nike,-0.10648243,-0.99999960000016,-0.47354211505027577,0.0,0.0,0.0,0.0,0.0,0.0,0.0,0.0
95566295.0,nike,-0.9004963,0.0,0.0,0.0,0.0,0.0,0.0,0.0,0.0,0.0,0.0
95559101.0,nike,0.51776016,0.0,0.0,0.0,0.0,0.0,0.0,0.99999950000025,0.8520835817587431,0.0,0.0
95544697.0,nike,0.9612716,0.9999997500000625,0.9713929420975679,0.0,0.0,0.0,0.0,0.0,0.0,0.0,0.0
95511301.0,nike,-0.9467356,0.0,0.0,0.0,0.0,0.0,0.0,0.0,0.0,0.0,0.0
95511220.0,nike,0.7300575,0.0,0.0,0.0,0.0,0.0,0.0,0.0,0.0,0.0,0.0
95508692.0,nike,0.98937786,0.0,0.0,0.0,0.0,0.0,0.0,0.0,0.0,0.0,0.0
95471665.0,nike,0.23199847,0.0,0.0,0.0,0.0,0.0,0.0,-0.99999950000025,-0.35251677734768344,0.99999960000016,0.6474827874008129
95443028.0,nike,0.98151505,0.99999960000016,0.973559063795657,0.0,0.0,0.0,0.0,0.0,0.0,0.0,0.0
95435276.0,nike,0.65560514,0.0,0.0,0.0,0.0,0.0,0.0,0.0,0.0,0.0,0.0
95432083.0,nike,0.9842553,0.0,0.0,0.0,0.0,0.0,0.0,0.9999997500000625,0.973839903355331,0.0,0.0
95417362.0,nike,0.9735764,0.0,0.0,0.0,0.0,0.0,0.0,0.0,0.0,0.0,0.0
95394145.0,nike,-0.5129797,0.0,0.0,0.0,0.0,-0.99999960000016,-0.29999988000004796,0.0,0.0,-0.99999960000016,-0.29999988000004796
95351734.0,nike,0.91157585,0.0,0.0,0.0,0.0,0.9999997500000625,0.9653199901521627,0.99999950000025,0.9653197488222858,0.0,0.0
95321209.0,nike,0.98680615,0.99999950000025,0.9740983427431147,0.0,0.0,0.0,0.0,0.0,0.0,0.0,0.0
95307547.0,nike,0.97840774,0.99999950000025,0.9732371298977361,0.0,0.0,0.0,0.0,0.0,0.0,0.0,0.0
95286060.0,nike,0.9265355,0.99999950000025,0.9672681349611646,0.0,0.0,0.0,0.0,0.0,0.0,0.0,0.0
95210681.0,nike,0.8099366,0.99999950000025,0.9488135064440599,0.0,0.0,0.0,0.0,-0.99999950000025,-0.29999985000007495,0.0,0.0
95185676.0,nike,-0.9448175,0.0,0.0,0.0,0.0,0.0,0.0,0.0,0.0,0.0,0.0
95183709.0,nike,0.63474077,0.0,0.0,0.0,0.0,0.99999960000016,0.9019391630990111,0.0,0.0,0.0,0.0
95180278.0,nike,0.96952695,0.0,0.0,0.0,0.0,0.0,0.0,0.0,0.0,0.0,0.0
95179953.0,nike,-0.8821905,0.0,0.0,0.0,0.0,0.0,0.0,0.0,0.0,0.0,0.0
95092742.0,nike,0.25370565,0.0,0.0,0.0,0.0,0.0,0.0,0.99999950000025,0.6670385450610258,0.0,0.0
94934124.0,nike,-0.13942413,0.0,0.0,0.0,0.0,0.0,0.0,0.0,0.0,0.0,0.0
94912099.0,nike,0.96742755,0.99999950000025,0.9720690732813423,0.0,0.0,0.0,0.0,0.99999950000025,0.9720690732813423,0.0,0.0
94908009.0,nike,0.49546197,0.0,0.0,0.0,0.0,0.0,0.0,0.0,0.0,0.0,0.0
94904828.0,nike,0.96218914,0.99999950000025,0.971494512594027,0.0,0.0,0.99999950000025,0.971494512594027,0.0,0.0,0.0,0.0
94896903.0,nike,-0.3221651,0.0,0.0,0.0,0.0,0.0,0.0,0.0,0.0,0.0,0.0
94880451.0,nike,-0.74954194,0.0,0.0,0.0,0.0,0.0,0.0,0.0,0.0,0.0,0.0
94857802.0,nike,0.9794763,0.9999997500000625,0.9733484729540501,0.0,0.0,0.0,0.0,0.0,0.0,0.0,0.0
94780201.0,nike,-0.49099874,0.0,0.0,0.0,0.0,0.0,0.0,0.0,0.0,-0.99999960000016,-0.29999988000004796
94747089.0,nike,0.97012246,0.0,0.0,0.0,0.0,0.0,0.0,0.99999950000025,0.972360258782536,0.9999998888889013,0.9723606369225948
94723099.0,nike,0.9620088,0.99999950000025,0.9714745269485874,0.0,0.0,0.0,0.0,-0.11111108641975857,-0.03333332592592757,0.9999998888889013,0.971474904744195
94694835.0,nike,0.44336656,0.0,0.0,0.0,0.0,0.0,0.0,0.0,0.0,-0.9999998888889013,-0.2999999666666704
94689148.0,nike,0.9092386,0.99999950000025,0.9650054029121519,0.0,0.0,0.0,0.0,0.0,0.0,0.0,0.0
94684170.0,nike,0.9776756,0.0,0.0,0.0,0.0,0.0,0.0,0.0,0.0,0.9999998888889013,0.9731611265312374
94681651.0,nike,0.78753835,0.0,0.0,0.0,0.0,0.0,0.0,0.0,0.0,0.0,0.0
94663631.0,nike,0.95709753,0.0,0.0,0.0,0.0,0.0,0.0,-0.99999950000025,-0.29999985000007495,0.0,0.0
94634954.0,nike,0.72029734,0.99999950000025,0.9283211736895174,0.0,0.0,0.0,0.0,0.0,0.0,0.0,0.0
94543696.0,nike,0.9773425,0.99999950000025,0.973125922755895,0.0,0.0,0.0,0.0,0.0,0.0,0.0,0.0
94511467.0,nike,0.9259071,0.99999960000016,0.9671885560165462,0.0,0.0,0.0,0.0,0.0,0.0,0.99999960000016,0.9671885560165462
94483075.0,nike,0.9449519,0.99999950000025,0.9695217963362713,0.0,0.0,0.0,0.0,0.0,0.0,0.0,0.0
94482483.0,nike,0.9500108,0.99999960000016,0.9701141819200109,0.99999950000025,0.9701140849086411,0.9999997500000625,0.9701143274371018,0.99999950000025,0.9701140849086411,0.0,0.0
94479485.0,nike,0.8029417,0.0,0.0,0.0,0.0,0.0,0.0,0.0,0.0,0.0,0.0
94456882.0,nike,0.9244066,0.0,0.0,0.0,0.0,0.0,0.0,0.0,0.0,0.0,0.0
94452696.0,nike,0.63762784,0.99999960000016,0.9029558156746896,0.0,0.0,0.0,0.0,0.0,0.0,0.99999960000016,0.9029558156746896
94404526.0,nike,0.10043956,0.0,0.0,0.0,0.0,0.0,0.0,0.0,0.0,0.0,0.0
94394324.0,nike,0.74497664,0.0,0.0,0.0,0.0,0.0,0.0,0.0,0.0,0.0,0.0
94376063.0,nike,0.8952494,0.0,0.0,0.0,0.0,0.0,0.0,0.0,0.0,0.0,0.0
94375270.0,nike,0.4914765,0.0,0.0,0.0,0.0,0.0,0.0,0.0,0.0,0.0,0.0
94369939.0,nike,0.74533486,-0.99999960000016,-0.29999988000004796,0.0,0.0,0.99999960000016,0.9347060876153682,0.9999998461538698,0.9347063176968314,-0.99999960000016,-0.29999988000004796
94342857.0,nike,0.80488,-0.99999950000025,-0.29999985000007495,0.0,0.0,0.0,0.0,0.0,0.0,0.0,0.0
94342722.0,nike,0.63053435,0.0,0.0,0.0,0.0,0.0,0.0,0.0,0.0,0.0,0.0
94239941.0,nike,0.7270722,0.99999960000016,0.9301036755731302,0.0,0.0,0.0,0.0,-0.99999950000025,-0.29999985000007495,0.99999960000016,0.9301036755731302
94239558.0,nike,-0.88509,0.99999950000025,0.9615928303290694,-0.9999998571428775,-0.29999995714286326,-0.99999950000025,-0.29999985000007495,0.636363578512402,0.6119229605414029,0.0,0.0
94215302.0,nike,0.0549444,0.99999950000025,0.499999750000125,0.0,0.0,-0.99999950000025,-0.499999750000125,0.0,0.0,-0.5652173421550137,-0.28260867107750687
94203403.0,nike,0.47571084,0.0,0.0,0.0,0.0,0.99999950000025,0.829606414885808,0.0,0.0,0.0,0.0
94196745.0,nike,-0.5078074,-0.99999960000016,-0.29999988000004796,0.0,0.0,0.0,0.0,0.0,0.0,0.0,0.0
94192271.0,nike,-0.38921502,0.9999997500000625,0.7750168007532511,0.0,0.0,0.0,0.0,0.0,0.0,0.9999999555555575,0.7750169600622531
94133866.0,nike,0.9091145,0.0,0.0,0.0,0.0,0.0,0.0,0.0,0.0,0.0,0.0
94115936.0,nike,-0.75612307,0.0,0.0,0.99999950000025,0.9372907336717734,0.99999960000016,0.9372908274008093,-0.99999950000025,-0.29999985000007495,0.0,0.0
94085234.0,nike,0.9862819,0.0,0.0,0.0,0.0,0.9999996666667778,0.9740455412570269,0.0,0.0,0.0,0.0
94043704.0,nike,0.9548797,-0.99999950000025,-0.29999985000007495,-0.99999950000025,-0.29999985000007495,0.0,0.0,0.0,0.0,0.0,0.0
94013631.0,nike,0.38033763,0.0,0.0,0.0,0.0,0.99999960000016,0.7687646358343072,0.0,0.0,0.0,0.0
94007938.0,nike,-0.46727818,0.99999950000025,0.8247851331485573,0.0,0.0,0.0,0.0,0.0,0.0,0.99999960000016,0.8247852156270377
93990395.0,nike,-0.11437798,0.0,0.0,0.0,0.0,0.0,0.0,0.0,0.0,0.0,0.0
93978946.0,nike,0.985703,0.0,0.0,0.0,0.0,0.0,0.0,0.0,0.0,0.0,0.0
93957603.0,nike,0.33915257,0.0,0.0,0.0,0.0,0.0,0.0,0.0,0.0,0.0,0.0
93954269.0,nike,0.8770536,0.99999980000004,0.9603881581782753,0.0,0.0,0.0,0.0,0.0,0.0,0.9999997777778271,0.960388136836321
93949416.0,nike,0.572468,0.0,0.0,0.0,0.0,0.9999997500000625,0.8775971372488632,0.0,0.0,0.0,0.0
93949197.0,nike,0.6569992,0.0,0.0,0.0,0.0,0.0,0.0,0.0,0.0,0.0,0.0
93946519.0,nike,0.3911755,0.0,0.0,0.0,0.0,0.0,0.0,0.0,0.0,0.0,0.0
93926836.0,nike,0.9727456,0.99999980000004,0.972641148204732,0.0,0.0,0.0,0.0,0.99999950000025,0.9726408564125334,0.0,0.0
93913436.0,nike,0.7408993,0.0,0.0,0.0,0.0,0.99999950000025,0.9336147982929137,0.0,0.0,0.0,0.0
93889877.0,nike,-0.57132065,-0.99999950000025,-0.29999985000007495,0.0,0.0,0.0,0.0,0.0,0.0,0.0,0.0
93886169.0,nike,-0.26891613,0.0,0.0,0.0,0.0,0.0,0.0,0.9999997777778271,0.6804115638199251,0.0,0.0
93874968.0,nike,-0.6700366,0.0,0.0,0.0,0.0,0.0,0.0,0.99999950000025,0.9137368931843236,0.0,0.0
93852970.0,nike,0.90314287,0.0,0.0,0.0,0.0,0.0,0.0,0.0,0.0,0.0,0.0
93821917.0,nike,0.9660654,0.0,0.0,0.0,0.0,0.0,0.0,0.0,0.0,0.0,0.0
93795615.0,nike,0.9191762,-0.99999960000016,-0.29999988000004796,0.0,0.0,0.0,0.0,0.0,0.0,-0.99999960000016,-0.29999988000004796
93771979.0,nike,0.9534857,0.0,0.0,0.0,0.0,-0.1999999680000051,-0.05999999040000153,0.0,0.0,0.0,0.0
93760137.0,nike,-0.18447813,-0.199999960000008,-0.07940325807156039,0.0,0.0,0.0,0.0,0.0,0.0,0.0,0.0
93673223.0,nike,0.7035039,0.99999960000016,0.9237208573916077,0.0,0.0,-0.99999950000025,-0.29999985000007495,0.9999996666667778,0.9237209189729777,0.99999950000025,0.9237207650195681
93603715.0,nike,0.92268103,0.0,0.0,0.0,0.0,0.0,0.0,0.0,0.0,0.0,0.0
93598799.0,nike,-0.61256814,0.0,0.0,-0.9999998571428775,-0.29999995714286326,-0.99999950000025,-0.29999985000007495,-0.17948717028270922,-0.05384615108481276,0.0,0.0
93596032.0,nike,-0.8109404,0.0,0.0,0.0,0.0,0.0,0.0,0.0,0.0,0.99999950000025,0.9490081579071205
93556682.0,nike,-0.08556585,0.0,0.0,0.0,0.0,0.0,0.0,0.0,0.0,0.0,0.0
93551990.0,nike,0.8956272,0.0,0.0,-0.99999950000025,-0.29999985000007495,0.99999960000016,0.9631196213757377,0.0,0.0,0.0,0.0
93550940.0,nike,0.98225814,0.0,0.0,0.0,0.0,0.0,0.0,0.0,0.0,0.0,0.0
93547338.0,nike,0.95039135,0.0,0.0,0.0,0.0,0.0,0.0,0.0,0.0,0.0,0.0
93466809.0,nike,0.94454,0.0,0.0,0.0,0.0,0.0,0.0,0.0,0.0,0.11111108641975857,0.10771926078970531
93461810.0,nike,0.98905766,0.99999950000025,0.9743245997093081,0.99999950000025,0.9743245997093081,0.9999998333333611,0.9743249244841206,0.99999990000001,0.9743249894391092,0.9999998888889013,0.9743249786132772
93445666.0,nike,-0.036590036,0.0,0.0,0.0,0.0,0.0,0.0,0.0,0.0,0.0,0.0
93437897.0,nike,0.9054107,0.99999960000016,0.9644847406126754,0.0,0.0,0.99999960000016,0.9644847406126754,0.0,0.0,0.0,0.0
93436290.0,nike,0.97252584,0.0,0.0,0.0,0.0,0.0,0.0,0.0,0.0,0.0,0.0
93430954.0,nike,-0.1311583,0.99999980000004,0.5509804212473722,0.0,0.0,0.0,0.0,0.0,0.0,0.99999950000025,0.5509802559533284
93415077.0,nike,0.97273535,0.0,0.0,0.0,0.0,0.99999960000016,0.9726398624264949,0.0,0.0,0.0,0.0
93412607.0,nike,-0.6952913,0.0,0.0,0.0,0.0,0.0,0.0,0.0,0.0,0.0,0.0
93405585.0,nike,0.9467637,0.0,0.0,0.0,0.0,0.0,0.0,0.0,0.0,0.9999998888889013,0.9697355927520449
93403402.0,nike,0.98470217,-0.99999960000016,-0.29999988000004796,0.0,0.0,0.99999950000025,0.9738851568764068,0.9999997500000625,0.9738854003476352,-0.99999960000016,-0.29999988000004796
93374740.0,nike,0.97091085,0.0,0.0,0.0,0.0,0.0,0.0,0.0,0.0,0.99999960000016,0.9724449828761287
93342517.0,nike,-0.67790705,0.0,0.0,0.0,0.0,0.0,0.0,-0.99999950000025,-0.29999985000007495,0.0,0.0
93318844.0,nike,0.9654754,0.0,0.0,0.0,0.0,0.0,0.0,0.0,0.0,0.0,0.0
93308622.0,nike,0.623637,0.0,0.0,0.0,0.0,0.0,0.0,0.0,0.0,0.0,0.0
93283398.0,nike,0.9721638,0.0,0.0,0.0,0.0,0.0,0.0,0.99999950000025,0.9725788610139021,0.0,0.0
93278216.0,nike,0.8527702,0.0,0.0,0.0,0.0,0.0,0.0,0.0,0.0,0.0,0.0
93277142.0,nike,0.91708815,-0.9999997500000625,-0.2999999250000187,-0.33333327777778704,-0.09999998333333611,0.0,0.0,0.33333327777778704,0.3220168957642964,0.0,0.0
93274152.0,nike,0.6133389,0.0,0.0,0.0,0.0,0.0,0.0,0.0,0.0,0.0,0.0
93274087.0,nike,0.88324714,0.0,0.0,0.0,0.0,0.0,0.0,0.0,0.0,-0.99999960000016,-0.29999988000004796
93232372.0,nike,0.8064801,0.0,0.0,0.0,0.0,0.0,0.0,-0.99999950000025,-0.29999985000007495,0.0,0.0
93169288.0,nike,0.9753927,0.0,0.0,0.0,0.0,0.0,0.0,0.0,0.0,0.0,0.0
93139708.0,nike,0.703788,0.0,0.0,0.0,0.0,0.0,0.0,0.0,0.0,0.0,0.0
93131269.0,nike,0.9670364,0.0,0.0,0.0,0.0,0.99999950000025,0.9720265651498426,0.0,0.0,0.0,0.0
93118761.0,nike,-0.9100533,0.0,0.0,0.0,0.0,0.0,0.0,0.0,0.0,0.0,0.0
93118353.0,nike,-0.6385924,0.0,0.0,0.0,0.0,0.0,0.0,0.0,0.0,0.0,0.0
93117558.0,nike,0.6475998,0.0,0.0,0.0,0.0,0.0,0.0,0.0,0.0,0.0,0.0
93078832.0,nike,0.9828187,0.0,0.0,0.0,0.0,0.0,0.0,0.0,0.0,0.0,0.0
92978242.0,nike,0.9675272,0.0,0.0,0.0,0.0,0.0,0.0,0.9999997500000625,0.9720801373550825,0.0,0.0
92892828.0,nike,0.98443484,0.0,0.0,0.0,0.0,0.0,0.0,0.0,0.0,0.0,0.0
92868299.0,nike,0.9719231,0.0,0.0,0.0,0.0,0.0,0.0,0.0,0.0,0.0,0.0
92859369.0,nike,0.74214506,0.99999960000016,0.9339230572279127,0.0,0.0,0.0,0.0,0.0,0.0,0.0,0.0
92832521.0,nike,0.70097095,0.0,0.0,0.0,0.0,0.99999950000025,0.9230038011091812,0.0,0.0,0.0,0.0
92832058.0,nike,0.12770864,0.0,0.0,0.0,0.0,0.0,0.0,0.0,0.0,0.99999960000016,0.547564162870856
92821910.0,nike,0.87260693,0.0,0.0,0.0,0.0,0.0,0.0,0.0,0.0,0.0,0.0
92812940.0,nike,0.24167852,-0.99999960000016,-0.34373025501971494,0.0,0.0,0.0,0.0,0.0,0.0,0.0,0.0
92789129.0,nike,0.07736864,0.0,0.0,0.0,0.0,0.0,0.0,0.0,0.0,0.99999950000025,0.499999750000125
92748700.0,nike,0.9764586,0.99999960000016,0.9730334067679052,0.0,0.0,0.0,0.0,0.0,0.0,0.0,0.0
92735880.0,nike,-0.8288707,0.0,0.0,0.0,0.0,0.0,0.0,0.0,0.0,0.0,0.0
92732757.0,nike,-0.40484226,0.99999960000016,0.7857284583813358,0.0,0.0,0.0,0.0,0.0,0.0,0.9999998888889013,0.785728685369532
92719175.0,nike,0.7273741,0.0,0.0,0.0,0.0,0.0,0.0,0.0,0.0,0.0,0.0
92701873.0,nike,-0.62706465,0.0,0.0,0.0,0.0,0.0,0.0,0.0,0.0,0.0,0.0
92673735.0,nike,0.530925,0.99999960000016,0.8585983819332802,0.0,0.0,0.0,0.0,0.0,0.0,0.0,0.0
92643454.0,nike,-0.9368911,0.0,0.0,0.0,0.0,0.0,0.0,0.0,0.0,0.0,0.0
92618022.0,nike,0.97801155,0.0,0.0,0.0,0.0,0.0,0.0,0.0,0.0,0.0,0.0
92553157.0,nike,-0.8046208,0.0,0.0,0.0,0.0,0.0,0.0,0.0,0.0,0.0,0.0
92542833.0,nike,0.7814855,0.99999950000025,0.9429956033163334,0.0,0.0,0.99999950000025,0.9429956033163334,0.0,0.0,0.0,0.0
92525658.0,nike,0.9789459,0.99999950000025,0.9732931418662706,0.0,0.0,0.0,0.0,0.0,0.0,0.3846153550295881,0.3743436744785026
92524367.0,nike,0.90234375,0.11111108641975857,0.10711803249075431,0.0,0.0,0.0,0.0,0.0,0.0,0.0588235224913503,0.05670955254316169
92472475.0,nike,0.9535609,0.99999960000016,0.9705231482409765,0.99999950000025,0.9705230511887102,0.9999997777778271,0.9705233207783867,0.9999998333333611,0.97052337469634,0.9999998888889013,0.9705234286142994
92466979.0,nike,-0.28667086,0.0,0.0,0.0,0.0,0.0,0.0,0.0,0.0,0.99999950000025,0.6956528595617272
92459424.0,nike,0.2954641,0.0,0.0,0.0,0.0,0.0,0.0,0.0,0.0,0.0,0.0
92428502.0,nike,0.7429303,0.0,0.0,0.0,0.0,0.0,0.0,0.0,0.0,0.0,0.0
92416768.0,nike,0.9405431,0.0,0.0,0.0,0.0,0.9999997777778271,0.9689966320138292,0.0,0.0,0.0,0.0
92377293.0,nike,0.9870756,0.0,0.0,0.0,0.0,0.0,0.0,0.0,0.0,0.0,0.0
92374443.0,nike,-0.7999198,0.0,0.0,0.0,0.0,0.0,0.0,0.0,0.0,0.0,0.0
92350923.0,nike,-0.95088845,0.0,0.0,0.0,0.0,0.0,0.0,0.0,0.0,0.0,0.0
92346977.0,nike,0.9754246,0.0,0.0,0.0,0.0,0.0,0.0,0.0,0.0,0.0,0.0
92331424.0,nike,0.25656846,0.0,0.0,0.0,0.0,0.0,0.0,0.0,0.0,0.0,0.0
92329017.0,nike,-0.3421067,0.99999950000025,0.7404723169098578,0.0,0.0,0.0,0.0,0.0,0.0,0.9999998888889013,0.7404726048712825
92275589.0,nike,0.5800825,0.9999997777778271,0.8808315157485423,-0.99999950000025,-0.29999985000007495,0.0,0.0,0.0,0.0,0.99999960000016,0.8808313591563355
92261043.0,nike,-0.6413345,0.0,0.0,0.0,0.0,0.0,0.0,0.0,0.0,0.0,0.0
92259394.0,nike,0.8703325,0.0,0.0,0.0,0.0,0.0,0.0,0.0,0.0,0.0,0.0
92248600.0,nike,-0.8240574,0.0,0.0,0.0,0.0,0.0,0.0,0.0,0.0,0.0,0.0
92126443.0,nike,-0.23447235,0.99999950000025,0.6497380479744388,0.0,0.0,0.0,0.0,0.99999950000025,0.6497380479744388,0.99999950000025,0.6497380479744388
92125980.0,nike,0.4915027,0.0,0.0,0.0,0.0,0.0,0.0,0.0,0.0,0.0,0.0
92103225.0,nike,0.8201488,0.99999950000025,0.9507613943530182,0.0,0.0,0.0,0.0,0.9999998461538698,0.9507617234626811,0.0,0.0
92091865.0,nike,0.8206114,0.0,0.0,0.0,0.0,0.0,0.0,0.0,0.0,0.0,0.0
92086864.0,nike,0.5336021,-0.99999960000016,-0.29999988000004796,0.0,0.0,0.99999950000025,0.8598934046524869,0.0,0.0,-0.99999960000016,-0.29999988000004796
92038148.0,nike,0.32226175,0.0,0.0,0.0,0.0,-0.99999950000025,-0.29999985000007495,0.0,0.0,0.0,0.0
92032713.0,nike,0.83357275,0.99999950000025,0.9532151093135667,0.0,0.0,0.0,0.0,0.0,0.0,0.0,0.0
92003718.0,nike,-0.83936477,0.0,0.0,0.0,0.0,0.0,0.0,0.0,0.0,0.0,0.0
92003383.0,nike,0.965091,0.0,0.0,-0.99999950000025,-0.29999985000007495,0.0,0.0,0.0,0.0,0.0,0.0
91978337.0,nike,0.05581509,0.0,0.0,0.0,0.0,0.0,0.0,0.99999950000025,0.499999750000125,0.0,0.0
91977089.0,nike,0.98550874,0.0,0.0,0.0,0.0,0.0,0.0,0.0,0.0,0.0,0.0
91948869.0,nike,0.7019511,0.0,0.0,0.0,0.0,0.0,0.0,0.0,0.0,0.0,0.0
91947758.0,nike,-0.78966135,0.0,0.0,0.0,0.0,0.0,0.0,0.0,0.0,0.0,0.0
91942477.0,nike,-0.78007525,0.0,0.0,0.0,0.0,-0.9999998333333611,-0.2999999500000083,0.0,0.0,0.0,0.0
91911847.0,nike,0.95938784,0.99999950000025,0.9711825684256439,0.0,0.0,0.0,0.0,0.0,0.0,0.0,0.0
91864213.0,nike,0.8609659,0.99999950000025,0.9578659550241315,0.0,0.0,0.0,0.0,0.0,0.0,0.0,0.0
91863658.0,nike,0.93287295,0.0,0.0,0.0,0.0,0.0,0.0,0.99999950000025,0.968061274583566,0.0,0.0
91818926.0,nike,0.9518436,0.0,0.0,0.0,0.0,0.0,0.0,0.0,0.0,0.0,0.0
91787939.0,nike,0.7440461,0.99999950000025,0.9343906719421626,0.0,0.0,0.99999950000025,0.9343906719421626,0.99999980000004,0.9343909522593081,0.9999999259259315,0.9343910699233453
91786427.0,nike,-0.83573025,0.0,0.0,0.0,0.0,0.0,0.0,0.99999950000025,0.9535984692922118,0.99999950000025,0.9535984692922118
91740332.0,nike,0.98261374,0.0,0.0,0.0,0.0,0.0,0.0,0.99999950000025,0.9736718589698149,0.0,0.0
91731806.0,nike,-0.5335721,-0.9999997777778271,-0.2999999333333481,-0.99999960000016,-0.29999988000004796,0.0,0.0,0.0,0.0,0.0,0.0
91725703.0,nike,0.45707121,-0.99999960000016,-0.29999988000004796,0.0,0.0,0.0,0.0,0.0,0.0,0.0,0.0
91709944.0,nike,0.8001991,0.0,0.0,0.0,0.0,0.0,0.0,-0.99999950000025,-0.29999985000007495,0.0,0.0
91707604.0,nike,-0.70637584,0.99999960000016,0.9245263559890253,0.0,0.0,0.0,0.0,0.0,0.0,0.0,0.0
91678852.0,nike,0.7516378,0.0,0.0,0.0,0.0,0.0,0.0,0.0,0.0,0.0,0.0
91638275.0,nike,0.98250896,0.0,0.0,0.0,0.0,0.0,0.0,0.0,0.0,0.0,0.0
91638215.0,nike,-0.4175487,0.0,0.0,0.0,0.0,0.0,0.0,0.0,0.0,0.0,0.0
91635325.0,nike,0.9498764,0.99999980000004,0.9700987916830152,0.0,0.0,0.0,0.0,0.9999997500000625,0.9700987431780878,0.9999998888889013,0.9700988779140094
91585477.0,nike,-0.84377116,0.0,0.0,0.0,0.0,-0.99999950000025,-0.29999985000007495,0.0,0.0,0.0,0.0
91584641.0,nike,0.8479792,0.0,0.0,0.0,0.0,0.99999950000025,0.9557188821238645,0.99999960000016,0.9557189776957145,0.0,0.0
91518432.0,nike,0.82210004,0.0,0.0,0.0,0.0,0.0,0.0,0.0,0.0,0.0,0.0
91518352.0,nike,0.9268093,0.0,0.0,0.0,0.0,0.0,0.0,0.0,0.0,0.0,0.0
91516310.0,nike,-0.54621434,0.0,0.0,0.0,0.0,0.0,0.0,0.0,0.0,0.0,0.0
91514167.0,nike,0.9428477,0.0,0.0,0.0,0.0,0.0,0.0,0.0,0.0,0.0,0.0
91435371.0,nike,0.9749864,0.0,0.0,0.0,0.0,0.0,0.0,0.0,0.0,0.0,0.0
91423014.0,nike,0.98288846,0.0,0.0,0.0,0.0,0.99999950000025,0.9737000133226822,0.9999997500000625,0.9737002567476247,0.0,0.0
91369984.0,nike,0.7419849,0.0,0.0,0.0,0.0,0.0,0.0,0.0,0.0,0.0,0.0
91360365.0,nike,-0.9615357,0.0,0.0,0.0,0.0,0.0,0.0,0.0,0.0,0.0,0.0
91330173.0,nike,-0.060134888,0.0,0.0,0.0,0.0,0.0,0.0,0.0,0.0,0.0,0.0
91324879.0,nike,-0.3925353,0.0,0.0,0.0,0.0,0.0,0.0,0.0,0.0,0.99999960000016,0.7773239910350457
91284584.0,nike,0.6304783,0.0,0.0,0.0,0.0,0.0,0.0,0.0,0.0,0.0,0.0
91278509.0,nike,-0.56533176,0.99999950000025,0.874497421780077,0.0,0.0,0.0,0.0,0.0,0.0,0.0,0.0
91274842.0,nike,0.20524491,-0.5151514527089148,-0.19437203876241443,0.0,0.0,0.0,0.0,0.0,0.0,0.0,0.0
91270479.0,nike,0.025950879,0.0,0.0,0.0,0.0,0.0,0.0,0.0,0.0,0.0,0.0
91239989.0,nike,-0.19826774,0.9999997777778271,0.6161102193219318,-0.99999950000025,-0.3838894518199602,0.0,0.0,0.0,0.0,0.0,0.0
91238383.0,nike,-0.25253338,0.0,0.0,0.0,0.0,0.0,0.0,0.0,0.0,0.0,0.0
91215347.0,nike,0.9035649,0.0,0.0,0.0,0.0,0.9999997333334044,0.9642310941623209,0.0,0.0,0.0,0.0
91182933.0,nike,0.94568586,0.0,0.0,0.0,0.0,0.0,0.0,0.0,0.0,0.99999950000025,0.9696084288113632
91173729.0,nike,0.7435546,0.99999950000025,0.9342700447194288,0.0,0.0,0.0,0.0,0.0,0.0,0.0,0.0
91159711.0,nike,0.9703629,0.0,0.0,0.0,0.0,0.0,0.0,0.9999997500000625,0.9723863382927752,0.0,0.0
91140820.0,nike,0.9690202,0.0,0.0,0.0,0.0,0.0,0.0,0.0,0.0,0.0,0.0
91111355.0,nike,-0.026956305,0.0,0.0,0.0,0.0,0.0,0.0,0.0,0.0,0.0,0.0
91034605.0,nike,0.9413022,0.0,0.0,0.0,0.0,0.0,0.0,0.99999950000025,0.969087448238435,0.0,0.0
91004537.0,nike,0.74473864,0.99999950000025,0.93456029202454,0.0,0.0,0.0,0.0,0.0,0.0,0.0,0.0
90990591.0,nike,0.56086594,0.9999997777778271,0.872523995787833,0.0,0.0,0.0,0.0,0.9999998461538698,0.8725240554475843,0.99999960000016,0.8725238406725181
90957553.0,nike,-0.61003256,0.99999950000025,0.8928439436210924,0.0,0.0,0.0,0.0,0.0,0.0,0.0,0.0
90934557.0,nike,0.6639698,0.0,0.0,0.0,0.0,0.0,0.0,0.0,0.0,0.0,0.0
90922519.0,nike,-0.798714,0.0,0.0,-0.99999950000025,-0.29999985000007495,0.0,0.0,0.0,0.0,0.0,0.0
90899816.0,nike,-0.68248516,0.99999950000025,0.9175817350574108,0.0,0.0,0.99999950000025,0.9175817350574108,0.0,0.0,0.0,0.0
90890001.0,nike,0.9463537,0.0,0.0,-0.99999950000025,-0.29999985000007495,0.0,0.0,0.0,0.0,0.0,0.0
90877190.0,nike,0.9108202,0.99999960000016,0.965218512749602,0.0,0.0,0.0,0.0,0.0,0.0,0.0,0.0
90863102.0,nike,0.8261923,0.0,0.0,0.0,0.0,0.99999960000016,0.9518809105622646,0.99999950000025,0.9518808153742212,0.0,0.0
90856713.0,nike,0.83415973,-0.99999950000025,-0.29999985000007495,0.0,0.0,0.9999997777778271,0.9533199708648528,0.0,0.0,0.0,0.0
90829939.0,nike,-0.32313052,0.0,0.0,0.0,0.0,0.0,0.0,0.0,0.0,0.0,0.0
90691456.0,nike,-0.9457965,0.0,0.0,0.0,0.0,0.0,0.0,0.0,0.0,0.0,0.0
90680872.0,nike,-0.09256971,0.0,0.0,-0.99999950000025,-0.4874326947683669,0.0,0.0,0.0,0.0,0.99999950000025,0.5125668052318831
90676988.0,nike,0.03242001,0.0,0.0,0.0,0.0,0.0,0.0,0.0,0.0,0.0,0.0
90675220.0,nike,0.44147974,0.0,0.0,-0.99999950000025,-0.29999985000007495,0.0,0.0,0.0,0.0,0.0,0.0
90594791.0,nike,-0.011023754,0.9999999111111191,0.49999995555555954,0.0,0.0,0.0,0.0,0.0,0.0,0.0,0.0
90591801.0,nike,0.15659338,0.0,0.0,0.0,0.0,0.0,0.0,0.0,0.0,0.0,0.0
90530904.0,nike,0.42880696,0.0,0.0,0.99999950000025,0.8014251263249179,0.99999950000025,0.8014251263249179,0.99999950000025,0.8014251263249179,0.9999998888889013,0.8014254379902104
90520298.0,nike,0.9208865,0.0,0.0,0.0,0.0,0.0,0.0,0.0,0.0,0.0,0.0
90501656.0,nike,0.37554455,0.0,0.0,0.0,0.0,-0.33333324444446816,-0.09999997333334044,-0.99999950000025,-0.29999985000007495,0.0,0.0
90475473.0,nike,0.96378136,0.0,0.0,0.0,0.0,0.0,0.0,0.0,0.0,0.0,0.0
90455935.0,nike,0.51756483,0.99999950000025,0.8519850824174511,0.0,0.0,0.0,0.0,0.99999950000025,0.8519850824174511,0.9999998888889013,0.8519854137449464
90449388.0,nike,0.45724878,0.0,0.0,0.0,0.0,0.0,0.0,0.0,0.0,0.0,0.0
90445494.0,nike,0.97092324,0.0,0.0,0.0,0.0,0.0,0.0,0.99999950000025,0.9724462144108333,0.0,0.0
90424662.0,nike,0.9771206,0.0,0.0,0.0,0.0,0.9999997777778271,0.9731029704927926,0.9999997500000625,0.9731029434621613,0.0,0.0
90383569.0,nike,0.58915657,0.0,0.0,0.0,0.0,0.0,0.0,0.0,0.0,0.0,0.0
90381693.0,nike,-0.59524727,0.99999950000025,0.887052859482356,0.0,0.0,0.0,0.0,0.0,0.0,0.0,0.0
90380155.0,nike,0.63269365,0.0,0.0,0.0,0.0,0.0,0.0,0.0,0.0,0.0,0.0
90373415.0,nike,-0.30845264,0.99999950000025,0.7137789277164724,0.0,0.0,0.0,0.0,0.0,0.0,-0.3846153550295881,-0.11538460650887643
90323239.0,nike,-0.07471379,0.0,0.0,0.0,0.0,0.9999997777778271,0.49999988888891356,0.0,0.0,0.0,0.0
90268828.0,nike,0.4454111,0.0,0.0,0.0,0.0,0.0,0.0,0.0,0.0,0.0,0.0
90216177.0,nike,0.96687007,0.0,0.0,0.0,0.0,0.0,0.0,0.0,0.0,0.0,0.0
90200762.0,nike,0.7782693,0.0,0.0,0.0,0.0,0.99999950000025,0.9423001074601899,0.99999960000016,0.9423002016901629,0.9999999444444475,0.9423005262602143
90189003.0,nike,0.8502357,0.0,0.0,0.0,0.0,0.99999950000025,0.9560992958179872,0.0,0.0,0.0,0.0
90183329.0,nike,-0.30774075,0.0,0.0,0.0,0.0,0.0,0.0,0.0,0.0,0.0,0.0
90158703.0,nike,-0.34041408,-0.9999997333334044,-0.2999999200000213,0.0,0.0,0.0,0.0,0.0,0.0,0.0,0.0
89994051.0,nike,0.97001624,0.0,0.0,0.0,0.0,0.0,0.0,0.99999950000025,0.9723488381938967,0.0,0.0
89983758.0,nike,0.47636473,0.0,0.0,0.0,0.0,0.0,0.0,0.0,0.0,0.99999960000016,0.8299759143978895
89961993.0,nike,0.9589009,0.9999997500000625,0.9711282534617413,0.0,0.0,0.0,0.0,0.0,0.0,0.9999998888889013,0.9711283883406504
89949073.0,nike,0.90253717,0.99999950000025,0.9640888194906768,0.0,0.0,0.99999960000016,0.9640889158995203,0.0,0.0,0.0,0.0
89947952.0,nike,0.87755406,0.0,0.0,0.0,0.0,0.0,0.0,0.0,0.0,0.0,0.0
89946175.0,nike,0.8890792,0.0,0.0,-0.99999950000025,-0.29999985000007495,0.0,0.0,-0.99999950000025,-0.29999985000007495,0.0,0.0
89933944.0,nike,-0.76420087,0.0,0.0,0.0,0.0,-0.99999950000025,-0.29999985000007495,-0.99999950000025,-0.29999985000007495,0.0,0.0
89921025.0,nike,0.13592729,0.0,0.0,0.0,0.0,0.0,0.0,0.0,0.0,0.0,0.0
89893730.0,nike,0.98542595,0.0,0.0,0.0,0.0,0.0,0.0,0.0,0.0,0.0,0.0
89892514.0,nike,0.2048185,0.99999960000016,0.6222884563739423,0.0,0.0,0.0,0.0,0.0,0.0,0.9999997777778271,0.6222885670029765
89872335.0,nike,0.9768969,0.9999996666667778,0.9730794329201815,0.0,0.0,0.0,0.0,0.0,0.0,0.0,0.0
89858989.0,nike,0.6866657,0.0,0.0,0.0,0.0,0.99999960000016,0.9188376462038644,0.0,0.0,0.0,0.0
89836101.0,nike,0.9501185,0.0,0.0,0.0,0.0,0.0,0.0,0.99999950000025,0.9701265729005729,0.42857141496598683,0.41576872592836117
89804985.0,nike,0.62843275,0.0,0.0,0.0,0.0,0.0,0.0,0.0,0.0,0.0,0.0
89797511.0,nike,0.85608685,0.0,0.0,0.0,0.0,0.0,0.0,0.0,0.0,0.0,0.0
89775410.0,nike,0.38375387,0.0,0.0,0.0,0.0,0.99999950000025,0.7711847887005079,0.0,0.0,0.0,0.0
89763772.0,nike,0.9754197,0.99999950000025,0.9729240550644326,0.0,0.0,0.99999960000016,0.9729241523567992,0.0,0.0,0.0,0.0
89746869.0,nike,0.33549345,0.0,0.0,0.0,0.0,0.0,0.0,0.0,0.0,0.0,0.0
89730599.0,nike,-0.18258102,0.99999960000016,0.6011653464246466,0.0,0.0,0.0,0.0,0.0,0.0,0.99999960000016,0.6011653464246466
89725870.0,nike,-0.69156396,-0.11111108641975857,-0.03333332592592757,-0.99999950000025,-0.29999985000007495,0.0,0.0,0.99999950000025,0.9202867571311036,-0.99999960000016,-0.29999988000004796
89718339.0,nike,0.43114123,-0.99999960000016,-0.29999988000004796,0.0,0.0,0.0,0.0,0.0,0.0,0.0,0.0
89713941.0,nike,0.67683893,0.0,0.0,0.0,0.0,0.0,0.0,0.9999997500000625,0.9158577906594498,-0.3846153550295881,-0.11538460650887643
89688519.0,nike,-0.3445168,0.0,0.0,0.0,0.0,0.0,0.0,0.0,0.0,0.0,0.0
89658079.0,nike,0.94439644,0.0,0.0,0.0,0.0,0.9999997333334044,0.9694563017859492,0.0,0.0,0.99999950000025,0.9694560755795919
89608146.0,nike,0.8587543,0.0,0.0,0.0,0.0,0.0,0.0,0.0,0.0,-0.99999980000004,-0.29999994000001196
89607004.0,nike,-0.6571803,0.0,0.0,0.0,0.0,0.0,0.0,0.0,0.0,0.0,0.0
89599373.0,nike,0.4543086,0.99999950000025,0.8171612253980134,0.0,0.0,0.0,0.0,0.0,0.0,-0.99999960000016,-0.29999988000004796
89559503.0,nike,-0.9476768,0.0,0.0,0.0,0.0,0.0,0.0,0.0,0.0,0.0,0.0
89535725.0,nike,-0.83792984,0.0,0.0,0.0,0.0,0.0,0.0,-0.99999950000025,-0.29999985000007495,0.0,0.0
89533824.0,nike,0.8891862,0.0,0.0,0.0,0.0,0.0,0.0,0.0,0.0,0.0,0.0
89487372.0,nike,-0.48769704,0.0,0.0,0.0,0.0,0.0,0.0,0.0,0.0,0.0,0.0
89457823.0,nike,0.94351244,0.0,0.0,0.0,0.0,0.0,0.0,0.0,0.0,0.0,0.0
89434491.0,nike,0.7568696,0.0,0.0,0.0,0.0,0.0,0.0,0.0,0.0,0.0,0.0
89432489.0,nike,0.9464158,0.0,0.0,0.0,0.0,0.0,0.0,0.0,0.0,0.0,0.0
89384677.0,nike,0.9780091,0.0,0.0,0.0,0.0,0.99999950000025,0.9731955668325845,0.0,0.0,0.0,0.0
89381399.0,nike,0.76548386,0.0,0.0,0.0,0.0,0.0,0.0,0.0,0.0,0.0,0.0
89370763.0,nike,0.944673,0.0,0.0,0.0,0.0,0.0,0.0,0.0,0.0,0.0,0.0
89348966.0,nike,0.978857,0.0,0.0,0.0,0.0,0.0,0.0,0.0,0.0,0.99999950000025,0.9732838940203136
89348413.0,nike,0.20561884,0.0,0.0,0.0,0.0,0.0,0.0,0.0,0.0,0.9999997500000625,0.6230407208784889
89286053.0,nike,0.90432984,0.0,0.0,0.0,0.0,0.0,0.0,0.0,0.0,0.9999998888889013,0.9643366267889969
89192691.0,nike,0.97110164,0.0,0.0,0.0,0.0,0.0,0.0,0.0,0.0,0.0,0.0
89175872.0,nike,0.97369,0.0,0.0,0.0,0.0,0.0,0.0,0.0,0.0,0.0,0.0
89173136.0,nike,0.9431814,0.0,0.0,0.0,0.0,0.0,0.0,0.0,0.0,0.0,0.0
89170851.0,nike,-0.87989706,0.0,0.0,0.99999950000025,0.9608182982966419,0.0,0.0,0.99999950000025,0.9608182982966419,0.0,0.0
89170302.0,nike,0.47921664,0.0,0.0,0.0,0.0,0.0,0.0,0.0,0.0,-0.21739128544423605,-0.06521738563327081
89133539.0,nike,0.9157611,0.0,0.0,0.0,0.0,0.99999960000016,0.9658759412703379,0.0,0.0,0.0,0.0
89098015.0,nike,-0.83717036,0.0,0.0,0.0,0.0,0.0,0.0,-0.99999950000025,-0.29999985000007495,0.0,0.0
89077737.0,nike,0.43475398,0.0,0.0,0.0,0.0,0.99999950000025,0.8051836974052878,0.0,0.0,0.0,0.0
89069809.0,nike,0.26213753,0.0,0.0,0.0,0.0,0.0,0.0,0.0,0.0,0.0,0.0
88990840.0,nike,-0.20452645,0.9999997777778271,0.6220139497569357,0.0,0.0,0.0,0.0,0.0,0.0,0.99999960000016,0.6220138391767221
88985037.0,nike,0.71987194,0.0,0.0,0.0,0.0,0.0,0.0,-0.199999960000008,-0.0599999880000024,0.0,0.0
88981208.0,nike,0.93956906,0.0,0.0,0.0,0.0,0.0,0.0,0.0,0.0,0.0,0.0
88949888.0,nike,-0.7928009,0.0,0.0,0.0,0.0,0.0,0.0,0.99999950000025,0.945380393056833,0.9999998888889013,0.9453807607047229
88917000.0,nike,0.027898574,0.0,0.0,0.0,0.0,0.0,0.0,0.0,0.0,0.0,0.0
88890826.0,nike,0.5150686,0.0,0.0,0.0,0.0,0.0,0.0,0.0,0.0,0.0,0.0
88884021.0,nike,-0.95382005,0.0,0.0,0.0,0.0,0.0,0.0,0.0,0.0,0.0,0.0
88862052.0,nike,0.701286,0.9999996666667778,0.9230934720378298,0.0,0.0,0.99999950000025,0.9230933181889946,0.0,0.0,0.9999998888889013,0.9230936771696897
88835582.0,nike,-0.82755303,0.0,0.0,0.0,0.0,0.0,0.0,0.99999950000025,0.9521295038182267,0.0,0.0
88817073.0,nike,0.94334906,0.0,0.0,0.0,0.0,0.0,0.0,0.0,0.0,0.0,0.0
88791777.0,nike,0.73176396,0.99999950000025,0.9313138373887787,0.0,0.0,0.0,0.0,0.99999950000025,0.9313138373887787,0.0,0.0
88783469.0,nike,0.4759854,0.0,0.0,0.0,0.0,0.0,0.0,0.0,0.0,0.9999999555555575,0.8297619880674232
88778473.0,nike,0.29833937,0.0,0.0,-0.33333322222225925,-0.09999996666667778,-0.99999950000025,-0.29999985000007495,0.0,0.0,0.0,0.0
88760533.0,nike,-0.7382129,-0.99999950000025,-0.29999985000007495,0.0,0.0,0.0,0.0,0.0,0.0,0.0,0.0
88751069.0,nike,0.9826489,0.0,0.0,0.0,0.0,0.0,0.0,0.0,0.0,0.0,0.0
88731472.0,nike,0.968897,0.0,0.0,0.0,0.0,0.0,0.0,0.0,0.0,0.0,0.0
88730287.0,nike,-0.93281424,0.99999950000025,0.9680540128901263,-0.99999950000025,-0.29999985000007495,0.0,0.0,0.0,0.0,0.0,0.0
88730134.0,nike,0.97507524,0.0,0.0,0.0,0.0,0.0,0.0,0.0,0.0,0.0,0.0
88725836.0,nike,0.84902227,0.99999950000025,0.9558951189177807,0.0,0.0,-0.99999950000025,-0.29999985000007495,0.0,0.0,0.9999998888889013,0.9558954906547302
88723223.0,nike,0.7712409,0.0,0.0,-0.99999950000025,-0.29999985000007495,0.99999950000025,0.9407524230277997,0.0,0.0,0.0,0.0
88705399.0,nike,0.96527356,0.0,0.0,0.0,0.0,0.0,0.0,0.0,0.0,0.0,0.0
88688950.0,nike,0.8451449,0.9999996666667778,0.9552367730113243,0.0,0.0,0.0,0.0,0.99999950000025,0.955236613805275,0.99999960000016,0.9552367093288981
88638204.0,nike,-0.8704356,0.0,0.0,0.0,0.0,0.0,0.0,0.0,0.0,0.9999998888889013,0.9593688126138652
88610751.0,nike,0.4177877,0.0,0.0,0.0,0.0,0.0,0.0,0.0,0.0,0.9999998888889013,0.7943176185582035
88539860.0,nike,-0.33395755,0.99999950000025,0.7341592127552733,0.0,0.0,0.0,0.0,0.0,0.0,0.0,0.0
88532834.0,nike,0.85044247,0.0,0.0,0.0,0.0,0.0,0.0,-0.33333322222225925,-0.09999996666667778,0.0,0.0
88438102.0,nike,0.7431386,0.99999950000025,0.934167790838614,0.0,0.0,0.0,0.0,0.0,0.0,0.0,0.0
88423458.0,nike,-0.7257573,0.0,0.0,0.0,0.0,0.0,0.0,0.0,0.0,0.0,0.0
88416831.0,nike,-0.84251434,0.0,0.0,0.0,0.0,0.0,0.0,0.0,0.0,0.0,0.0
88410164.0,nike,0.88686085,0.9999997777778271,0.9618538457250982,0.0,0.0,0.0,0.0,0.0,0.0,0.9999998888889013,0.9618539525977361
88392970.0,nike,0.9483128,0.99999960000016,0.9699166413088343,0.0,0.0,0.0,0.0,0.0,0.0,0.99999950000025,0.9699165443172186
88378012.0,nike,-0.06492286,0.0,0.0,0.0,0.0,0.0,0.0,-0.99999950000025,-0.499999750000125,0.0,0.0
88375230.0,nike,0.13542548,0.0,0.0,0.0,0.0,0.0,0.0,0.99999950000025,0.5551992893988514,0.9999998888889013,0.5551995053096623
88360198.0,nike,0.9572926,0.0,0.0,0.0,0.0,0.9999997333334044,0.9709473145559098,0.99999950000025,0.9709470880016496,0.0,0.0
88337905.0,nike,-0.86044544,0.9999998666666844,0.9577822052812015,-0.99999950000025,-0.29999985000007495,-0.9999998333333611,-0.2999999500000083,-0.99999950000025,-0.29999985000007495,0.9999997777778271,0.9577821201450245
88328157.0,nike,0.9741952,0.0,0.0,0.0,0.0,0.0,0.0,0.0,0.0,0.0,0.0
88317141.0,nike,0.9238455,0.99999950000025,0.9669257604250204,0.0,0.0,0.0,0.0,0.0,0.0,0.0,0.0
88300244.0,nike,0.8933817,0.0,0.0,0.0,0.0,-0.99999950000025,-0.29999985000007495,0.0,0.0,0.0,0.0
88292094.0,nike,-0.18662187,0.99999950000025,0.6050343017682438,0.0,0.0,0.0,0.0,0.0,0.0,0.9999998888889013,0.6050345370593351
88243080.0,nike,-0.82986546,0.0,0.0,0.0,0.0,0.0,0.0,0.9999998333333611,0.9525496490801358,0.0,0.0
88237540.0,nike,-0.9298686,-0.99999950000025,-0.29999985000007495,0.0,0.0,0.0,0.0,0.0,0.0,0.0,0.0
88234209.0,nike,0.5856102,0.0,0.0,0.0,0.0,0.0,0.0,0.0,0.0,0.0,0.0
88232482.0,nike,0.97998965,0.0,0.0,0.0,0.0,0.0,0.0,0.0,0.0,0.0,0.0
88212989.0,nike,0.7652257,0.0,0.0,0.0,0.0,0.0,0.0,0.0,0.0,0.0,0.0
88208325.0,nike,0.96000165,0.0,0.0,0.0,0.0,0.0,0.0,0.0,0.0,0.9999999555555575,0.9712516449091755
88206280.0,nike,0.9572922,0.99999960000016,0.9709471380184832,0.0,0.0,0.0,0.0,0.0,0.0,0.99999960000016,0.9709471380184832
88200892.0,nike,0.7820702,0.0,0.0,0.0,0.0,-0.99999950000025,-0.29999985000007495,0.0,0.0,0.0,0.0
88141961.0,nike,0.71261877,0.99999960000016,0.9262504418131937,0.0,0.0,0.0,0.0,0.0,0.0,0.0,0.0
88130821.0,nike,0.7742547,0.0,0.0,0.0,0.0,0.0,0.0,0.0,0.0,0.0,0.0
88108107.0,nike,0.54860777,0.0,0.0,0.0,0.0,0.0,0.0,0.0,0.0,0.0,0.0
88104223.0,nike,-0.6380039,0.0,0.0,0.0,0.0,0.0,0.0,0.0,0.0,0.9999997500000625,0.9030876772224768
87983928.0,nike,0.9265033,0.0,0.0,0.99999950000025,0.9672640586136816,0.99999950000025,0.9672640586136816,0.99999950000025,0.9672640586136816,0.0,0.0
87969404.0,nike,0.7256016,0.0,0.0,0.0,0.0,0.0,0.0,0.0,0.0,0.0,0.0
87966919.0,nike,0.8571853,-0.99999980000004,-0.29999994000001196,0.0,0.0,0.0,0.0,0.0,0.0,-0.99999960000016,-0.29999988000004796
87937215.0,nike,0.9512208,0.0,0.0,0.0,0.0,0.0,0.0,0.0,0.0,0.0,0.0
87929663.0,nike,0.95696336,0.0,0.0,0.0,0.0,0.0,0.0,0.0,0.0,0.0,0.0
87907095.0,nike,0.84646297,0.0,0.0,0.0,0.0,0.0,0.0,0.0,0.0,0.0,0.0
87905704.0,nike,0.70265293,0.0,0.0,0.0,0.0,0.0,0.0,0.0,0.0,0.0,0.0
87895763.0,nike,-0.7786098,0.0,0.0,0.0,0.0,0.0,0.0,-0.99999950000025,-0.29999985000007495,0.0,0.0
87892877.0,nike,0.8387498,0.99999950000025,0.9541299904369704,0.0,0.0,0.99999950000025,0.9541299904369704,0.0,0.0,0.0,0.0
87892056.0,nike,-0.8749739,0.0,0.0,0.0,0.0,0.99999950000025,0.9600701829839943,0.0,0.0,-0.9999998888889013,-0.2999999666666704
87889260.0,nike,0.4452859,0.99999950000025,0.8117071090213683,0.0,0.0,0.0,0.0,0.9999996666667778,0.8117072443058414,0.0,0.0
87865574.0,nike,0.23673226,0.99999950000025,0.6517924791997686,0.0,0.0,0.99999950000025,0.6517924791997686,0.0,0.0,0.0,0.0
87864236.0,nike,-0.9424882,0.0,0.0,0.0,0.0,0.0,0.0,0.0,0.0,0.0,0.0
87851947.0,nike,0.9642998,0.0,0.0,0.0,0.0,0.0,0.0,0.0,0.0,0.0,0.0
87814078.0,nike,0.4692209,0.0,0.0,0.0,0.0,0.0,0.0,0.0,0.0,0.0,0.0
87805067.0,nike,0.9452632,0.0,0.0,0.0,0.0,0.0,0.0,0.0,0.0,0.0,0.0
87769497.0,nike,-0.63717175,0.0,0.0,0.0,0.0,0.0,0.0,0.99999950000025,0.9027957442798525,0.0,0.0
87748310.0,nike,-0.4947457,0.0,0.0,0.0,0.0,0.99999950000025,0.8401009895807002,0.99999950000025,0.8401009895807002,0.0,0.0
87746199.0,nike,-0.49988347,0.0,0.0,0.0,0.0,0.0,0.0,-0.99999950000025,-0.29999985000007495,-0.9999998888889013,-0.2999999666666704
87725179.0,nike,-0.61265343,0.0,0.0,0.0,0.0,-0.99999950000025,-0.29999985000007495,-0.99999950000025,-0.29999985000007495,0.0,0.0
87719256.0,nike,0.79133147,0.0,0.0,0.0,0.0,0.0,0.0,0.0,0.0,0.0,0.0
87704150.0,nike,0.023245797,-0.99999950000025,-0.499999750000125,0.0,0.0,0.0,0.0,-0.9999997500000625,-0.49999987500003124,0.0,0.0
87678603.0,nike,0.9853424,0.0,0.0,0.0,0.0,0.0,0.0,0.0,0.0,0.0,0.0
87667280.0,nike,0.7967205,0.0,0.0,0.0,0.0,0.0,0.0,0.0,0.0,0.9999998888889013,0.9461846987065116
87610145.0,nike,-0.90282404,0.0,0.0,-0.9999998571428775,-0.29999995714286326,0.0,0.0,-0.9999998571428775,-0.29999995714286326,0.0,0.0
87592015.0,nike,-0.9017709,0.0,0.0,0.0,0.0,0.0,0.0,-0.30434777315690903,-0.0913043319470727,0.0,0.0
87549003.0,nike,0.77064276,0.0,0.0,0.0,0.0,0.0,0.0,0.0,0.0,0.0,0.0
87547351.0,nike,0.9499229,0.0,0.0,0.99999950000025,0.9701038944988101,0.99999950000025,0.9701038944988101,0.99999950000025,0.9701038944988101,0.0,0.0
87536411.0,nike,0.9360304,0.0,0.0,0.0,0.0,0.0,0.0,0.0,0.0,0.0,0.0
87517313.0,nike,0.96870345,0.0,0.0,0.0,0.0,0.0,0.0,0.0,0.0,0.0,0.0
87409641.0,nike,-0.06325183,0.99999950000025,0.499999750000125,0.0,0.0,0.0,0.0,0.0,0.0,0.99999950000025,0.499999750000125
87357333.0,nike,-0.68548506,0.0,0.0,0.0,0.0,0.0,0.0,0.0,0.0,0.0,0.0
87355054.0,nike,0.8954292,0.99999950000025,0.9630913820857483,0.0,0.0,0.99999960000016,0.963091478394848,0.99999950000025,0.9630913820857483,0.99999950000025,0.9630913820857483
87335108.0,nike,-0.8472332,0.0,0.0,0.99999950000025,0.9555924258511834,0.0,0.0,-0.99999950000025,-0.29999985000007495,0.0,0.0
87319833.0,nike,0.5964729,0.0,0.0,0.0,0.0,0.0,0.0,0.0,0.0,0.0,0.0
87256553.0,nike,0.45848098,0.0,0.0,0.0,0.0,0.0,0.0,0.0,0.0,0.0,0.0
87142635.0,nike,0.9742026,0.0,0.0,0.0,0.0,0.0,0.0,-0.99999950000025,-0.29999985000007495,-0.99999960000016,-0.29999988000004796
87136187.0,nike,0.8669771,0.0,0.0,0.0,0.0,0.99999960000016,0.9588258435576795,0.0,0.0,0.0,0.0
87129538.0,nike,-0.22637188,0.0,0.0,0.0,0.0,0.0,0.0,0.0,0.0,0.0,0.0
87116209.0,nike,0.07742723,0.0,0.0,0.0,0.0,0.0,0.0,0.0,0.0,0.0,0.0
87098962.0,nike,0.9586964,0.0,0.0,0.0,0.0,0.99999950000025,0.9711050664185268,0.0,0.0,0.0,0.0
87084368.0,nike,-0.5329353,0.0,0.0,0.0,0.0,0.0,0.0,-0.3333332888888948,-0.09999998666666844,-0.9999998888889013,-0.2999999666666704
87046010.0,nike,0.8696349,-0.11111108641975857,-0.03333332592592757,0.0,0.0,0.99999960000016,0.9592435107135635,0.0,0.0,0.0,0.0
87008212.0,nike,0.98313344,0.0,0.0,0.0,0.0,0.0,0.0,0.0,0.0,0.0,0.0
87006142.0,nike,0.51987344,0.0,0.0,0.99999950000025,0.8531458194372618,0.33333322222225925,0.2843819872093948,0.99999950000025,0.8531458194372618,0.0,0.0
87004254.0,nike,-0.944461,0.0,0.0,0.33333327777778704,0.32315468115375523,0.0,0.0,-0.99999950000025,-0.29999985000007495,0.0,0.0
86964023.0,nike,-0.6515387,0.0,0.0,0.0,0.0,0.0,0.0,0.0,0.0,0.99999950000025,0.9077234319770271
86963420.0,nike,0.3761054,0.0,0.0,0.0,0.0,0.99999960000016,0.7657415798783073,0.0,0.0,0.0,0.0
86939373.0,nike,0.9626042,0.0,0.0,0.0,0.0,0.0,0.0,0.0,0.0,0.0,0.0
86931224.0,nike,0.6334114,0.0,0.0,0.0,0.0,0.0,0.0,0.99999950000025,0.9014677671301825,0.0,0.0
86904600.0,nike,-0.9593522,0.0,0.0,0.0,0.0,0.0,0.0,0.99999980000004,0.9711788693529331,0.0,0.0
86874048.0,nike,0.5114507,0.0,0.0,0.0,0.0,0.0,0.0,0.0,0.0,0.0,0.0
86872131.0,nike,0.9184553,0.99999960000016,0.9662293571741191,0.0,0.0,0.9999997777778271,0.9662295289481888,0.0,0.0,0.0,0.0
86864688.0,nike,0.98589474,0.0,0.0,0.0,0.0,0.9999996666667778,0.9740063649142074,0.0,0.0,0.0,0.0
86837832.0,nike,0.24902304,0.99999950000025,0.6628656149249389,0.0,0.0,0.99999960000016,0.6628656812114739,0.0,0.0,0.99999960000016,0.6628656812114739
86741579.0,nike,-0.95446837,0.0,0.0,-0.9999998666666844,-0.2999999600000053,0.9999997777778271,0.9706269869707235,0.0,0.0,0.0,0.0
86727435.0,nike,-0.6255992,0.0,0.0,0.0,0.0,0.0,0.0,0.0,0.0,0.0,0.0
86723283.0,nike,0.91040653,0.0,0.0,0.0,0.0,0.0,0.0,0.0,0.0,0.0,0.0
86695959.0,nike,0.44225025,0.0,0.0,0.0,0.0,0.0,0.0,0.0,0.0,0.0,0.0
86691956.0,nike,-0.91919404,0.0,0.0,-0.09090908264462885,-0.027272724793388655,0.0,0.0,0.33333322222225925,0.32210856955338873,0.0,0.0
86687144.0,nike,0.29966855,0.0,0.0,0.99999950000025,0.7065470545791366,0.99999950000025,0.7065470545791366,0.0,0.0,0.0,0.0
86647927.0,nike,0.9536344,0.99999950000025,0.9705314598011132,0.0,0.0,0.0,0.0,0.0,0.0,0.0,0.0
86610681.0,nike,0.9467622,0.0,0.0,0.0,0.0,0.0,0.0,0.0,0.0,0.99999960000016,0.9697351376759723
86604504.0,nike,0.34293565,0.0,0.0,-0.99999950000025,-0.29999985000007495,0.0,0.0,0.0,0.0,0.0,0.0
86597424.0,nike,0.9419509,0.0,0.0,0.0,0.0,0.0,0.0,0.0,0.0,0.99999960000016,0.9691651861468843
86597405.0,nike,0.9814984,0.0,0.0,0.0,0.0,0.99999960000016,0.9735573514528428,0.0,0.0,0.0,0.0
86596271.0,nike,0.62882495,0.0,0.0,0.0,0.0,0.99999950000025,0.8998261864406285,0.0,0.0,0.0,0.0
86548543.0,nike,-0.7392042,0.0,0.0,0.0,0.0,0.0,0.0,0.99999950000025,0.9331933275421658,-0.3846153550295881,-0.11538460650887643
86516224.0,nike,0.96171534,0.99999960000016,0.9714420803755006,0.0,0.0,0.0,0.0,0.0,0.0,0.0,0.0
86515597.0,nike,0.5954835,0.99999950000025,0.8871474893809032,0.0,0.0,0.0,0.0,-0.99999950000025,-0.29999985000007495,0.0,0.0
86428109.0,nike,0.9612048,0.0,0.0,0.0,0.0,0.0,0.0,0.0,0.0,0.99999960000016,0.9713853751367914
86426545.0,nike,-0.34809527,0.99999950000025,0.7450490935857939,0.0,0.0,0.0,0.0,0.0,0.0,0.0,0.0
86412357.0,nike,0.9237344,0.99999950000025,0.9669115452315354,0.0,0.0,0.99999950000025,0.9669115452315354,0.0,0.0,0.0,0.0
86389298.0,nike,0.9718801,0.0,0.0,0.0,0.0,0.0,0.0,0.0,0.0,0.99999950000025,0.972548579150388
86388321.0,nike,0.80306405,0.99999950000025,0.9474618289094272,0.0,0.0,0.0,0.0,0.0,0.0,0.0,0.0
86345693.0,nike,0.735498,0.0,0.0,0.0,0.0,0.0,0.0,0.99999950000025,0.9322631426293982,0.0,0.0
86344367.0,nike,-0.40947786,0.0,0.0,0.0,0.0,0.99999950000025,0.7888336201015849,0.0,0.0,0.0,0.0
86342320.0,nike,-0.89395386,0.0,0.0,0.0,0.0,0.0,0.0,0.0,0.0,0.0,0.0
86327727.0,nike,-0.16388968,0.99999950000025,0.5831109860331818,0.99999950000025,0.5831109860331818,0.99999950000025,0.5831109860331818,0.0,0.0,0.0,0.0
86318293.0,nike,0.74366957,-0.99999950000025,-0.29999985000007495,0.0,0.0,0.0,0.0,0.0,0.0,-0.9999998888889013,-0.2999999666666704
86310932.0,nike,0.9821892,0.0,0.0,0.0,0.0,0.0,0.0,0.0,0.0,0.0,0.0
86308845.0,nike,0.79815185,0.99999960000016,0.9464752131204296,0.0,0.0,0.0,0.0,0.0,0.0,0.0,0.0
86256513.0,nike,0.22851829,0.99999980000004,0.6442990442767529,0.0,0.0,0.0,0.0,0.0,0.0,0.0,0.0
86241286.0,nike,-0.72628987,0.0,0.0,0.0,0.0,0.99999960000016,0.9298999679174113,0.99999950000025,0.9298998749274608,0.0,0.0
86228895.0,nike,0.5070026,0.0,0.0,0.0,0.0,0.0,0.0,0.0,0.0,-0.9999998888889013,-0.2999999666666704
86152183.0,nike,0.95785725,0.0,0.0,0.0,0.0,0.0,0.0,0.0,0.0,0.0,0.0
86129224.0,nike,0.9490014,0.0,0.0,0.0,0.0,0.0,0.0,-0.99999950000025,-0.29999985000007495,0.0,0.0
86125692.0,nike,-0.18728344,0.0,0.0,0.0,0.0,0.0,0.0,0.0,0.0,0.0,0.0
86121502.0,nike,-0.71516895,0.0,0.0,0.0,0.0,0.0,0.0,0.0,0.0,0.0,0.0
86120634.0,nike,-0.18067594,0.0,0.0,0.0,0.0,0.99999960000016,0.5993368528648307,0.0,0.0,-0.99999960000016,-0.40066274713532923
86086616.0,nike,0.9041724,0.0,0.0,0.99999950000025,0.9643145904410692,0.99999950000025,0.9643145904410692,0.0,0.0,0.0,0.0
86073036.0,nike,-0.096942514,0.0,0.0,0.0,0.0,0.0,0.0,0.0,0.0,0.0,0.0
86066907.0,nike,-0.23026423,0.0,0.0,0.0,0.0,0.0,0.0,0.0,0.0,0.0,0.0
86049547.0,nike,0.61480165,0.0,0.0,0.0,0.0,0.0,0.0,0.0,0.0,0.0,0.0
86023823.0,nike,0.3476031,0.0,0.0,0.0,0.0,0.0,0.0,0.0,0.0,0.0,0.0
